ID player;age
1;40
2;57
3;40
4;27
5;46
6;52
7;50
8;33
9;34
10;36
11;27
12;42
13;43
14;52
15;37
16;58
17;58
18;39
19;49
20;37
21;40
22;42
23;43
24;36
25;32
26;40
27;41
28;34
29;52
30;54
31;30
32;36
33;40
34;41
35;61
36;35
37;33
38;27
39;32
40;32
41;39
42;53
43;39
45;53
46;33
47;53
48;46
49;57
50;46
51;84
52;36
53;38
54;49
55;29
56;38
57;48
58;38
59;39
60;56
61;43
62;41
63;54
64;52
65;51
66;44
67;51
68;51
69;38
70;43
71;34
72;33
73;41
74;43
75;48
76;32
77;36
78;56
79;26
80;39
81;46
82;54
83;28
84;45
85;51
86;38
87;36
88;29
89;43
90;28
91;39
92;51
93;28
94;63
95;37
96;45
97;36
98;39
99;43
100;42
101;41
102;33
103;44
104;32
105;40
106;40
107;36
7567;23
109;38
110;52
111;44
1378;27
113;31
114;43
115;38
116;47
117;48
118;38
119;42
120;32
121;47
122;37
123;37
124;32
125;51
126;53
127;38
128;35
129;29
130;47
131;41
132;35
133;28
134;35
135;43
136;33
137;44
138;40
139;30
140;40
4562;39
142;28
143;44
10037;16
145;29
146;46
147;40
148;36
149;56
150;44
151;39
152;48
153;35
154;32
155;51
156;56
157;36
158;41
159;54
160;48
161;31
162;56
163;34
164;30
165;48
166;43
167;56
168;51
169;43
170;46
171;44
172;48
173;61
174;32
175;53
176;60
177;55
178;51
179;53
180;49
181;59
182;48
183;49
184;46
185;34
186;40
187;42
188;33
189;52
190;32
191;45
192;43
193;44
194;35
195;40
1502;62
197;42
198;33
199;37
201;46
202;37
203;37
204;38
205;42
206;43
207;37
208;32
209;40
210;37
211;36
212;37
213;37
214;38
215;44
216;27
217;55
218;84
220;39
221;37
222;26
223;27
224;27
225;44
226;36
227;46
228;45
229;36
230;46
231;35
232;46
233;43
234;43
235;31
236;26
237;46
238;39
239;41
240;47
242;49
243;36
244;31
245;49
246;36
247;32
248;26
249;52
250;29
251;30
252;33
253;36
254;84
255;43
256;32
257;62
258;38
259;36
260;43
261;52
262;35
263;42
264;45
265;40
266;40
267;42
268;28
269;30
270;30
6229;39
272;38
273;40
274;35
275;32
276;44
277;27
278;39
279;34
280;28
281;36
282;43
283;38
284;37
285;33
286;59
287;44
288;36
289;40
290;36
291;44
292;35
293;31
294;35
295;40
296;29
297;43
298;40
299;37
300;31
301;33
302;31
303;31
304;32
305;46
306;31
307;46
308;43
309;27
310;40
311;27
312;30
313;36
314;28
315;50
316;45
317;40
318;34
319;84
320;34
321;50
322;31
323;38
324;36
325;28
326;36
327;35
328;35
329;84
330;35
331;32
332;35
333;34
334;39
335;40
336;38
337;38
338;31
339;43
340;84
341;46
6210;30
343;50
344;40
345;44
346;49
347;53
348;46
349;36
350;44
351;46
352;45
353;49
354;39
355;38
356;40
357;34
358;35
359;46
360;36
361;54
362;48
363;41
364;55
365;44
366;37
367;41
368;44
369;30
370;44
371;34
372;34
373;33
374;44
375;33
376;35
377;32
378;36
379;29
380;33
381;48
382;41
383;39
384;43
385;37
386;34
387;30
388;49
389;84
390;54
391;53
392;84
393;45
394;38
395;30
396;43
397;41
398;53
399;31
400;65
401;39
402;46
403;55
404;42
405;36
406;50
407;34
408;42
409;43
410;41
411;39
412;50
413;57
414;29
415;42
416;42
417;32
418;34
419;35
420;38
421;39
422;51
423;58
424;35
425;38
426;35
427;42
428;36
429;34
430;46
431;36
432;62
433;40
434;38
435;46
436;37
437;34
438;32
439;28
440;42
441;42
442;32
443;48
444;34
445;61
446;49
447;46
448;33
449;54
450;38
451;29
452;59
453;34
454;41
455;49
456;27
457;48
458;44
459;49
460;37
461;31
462;41
463;58
464;34
465;58
466;42
467;54
468;37
469;35
470;44
471;44
472;35
473;59
474;45
475;47
476;57
477;47
478;57
479;61
480;59
481;53
482;51
483;52
484;38
485;42
486;52
487;28
4593;54
489;46
490;43
5288;51
492;33
493;35
494;32
495;41
496;40
6503;24
498;38
499;33
500;33
501;27
502;48
5527;24
504;38
505;32
506;36
507;30
508;48
509;27
510;60
511;46
512;27
2486;33
514;47
515;47
516;47
517;40
518;32
519;30
520;27
521;40
522;48
523;37
524;47
525;56
526;44
527;52
528;36
529;52
530;49
531;47
532;38
533;38
534;59
535;52
536;48
537;55
538;51
539;28
540;52
541;59
542;38
543;36
544;46
545;30
546;60
547;50
548;33
549;31
550;43
551;31
552;45
553;45
554;40
555;41
556;33
557;41
558;31
559;41
560;39
561;52
562;28
563;46
564;37
565;49
566;84
567;39
568;30
569;28
570;35
571;42
572;31
573;31
574;32
575;33
577;54
578;39
579;44
580;43
581;42
582;41
583;31
585;52
586;84
587;30
588;33
589;31
590;49
591;51
592;37
593;47
594;40
595;38
596;46
597;42
598;44
599;41
600;57
601;55
602;60
603;31
604;29
605;29
606;29
607;35
608;40
609;30
610;31
611;33
612;36
613;84
614;27
615;43
616;30
617;31
618;38
619;53
620;28
621;47
622;36
623;38
624;54
625;36
626;35
627;52
628;46
629;31
630;37
631;45
632;38
633;34
634;43
635;38
636;37
637;27
638;41
639;30
8545;11
641;45
642;31
643;50
644;39
5272;16
646;32
647;44
648;38
649;41
650;38
651;36
652;38
653;40
654;54
655;48
656;37
657;46
658;36
659;36
6500;21
661;44
662;27
663;60
664;41
665;57
666;34
667;41
668;46
669;28
670;27
671;27
672;28
673;25
674;54
675;28
676;56
677;30
678;56
679;46
680;27
681;40
682;37
683;40
684;46
685;32
686;32
687;24
688;58
689;36
690;35
691;41
692;50
693;48
694;31
695;42
696;45
697;35
698;48
699;35
700;42
701;44
702;41
703;49
704;50
5099;62
706;42
707;41
708;38
709;46
710;42
711;56
712;42
713;58
714;36
715;41
716;33
717;33
718;45
719;38
720;28
721;36
722;30
723;45
724;44
725;26
726;25
727;39
728;84
729;28
730;40
731;26
732;84
733;29
734;28
735;28
736;35
737;84
738;28
739;28
740;25
741;30
742;41
743;44
744;27
745;27
746;32
747;27
748;39
749;30
750;84
751;26
4776;14
753;44
754;32
755;43
756;47
757;57
758;54
759;26
760;35
761;36
762;50
763;27
764;34
765;27
766;35
767;33
768;27
769;27
770;50
771;39
772;26
773;40
774;49
775;60
776;27
777;46
778;44
779;47
780;34
781;39
782;39
783;58
784;32
785;33
786;29
787;28
788;58
789;39
790;52
791;45
792;37
793;64
794;34
795;57
796;46
797;41
798;65
799;52
800;47
801;30
802;48
803;30
804;32
805;41
806;30
807;27
808;28
809;84
810;84
811;84
812;50
813;30
814;31
815;44
816;26
817;84
818;28
819;37
820;84
821;26
822;49
823;27
824;30
825;30
826;36
827;41
828;44
829;84
830;33
831;32
832;58
833;33
834;49
835;40
836;39
837;45
838;60
839;45
840;48
841;28
842;51
843;26
844;37
845;28
847;34
848;39
849;27
850;37
851;27
852;39
853;58
854;33
855;29
856;36
857;44
858;42
859;30
860;41
861;34
862;33
863;42
864;28
865;26
866;34
868;30
869;26
872;27
871;27
873;40
1384;39
875;60
876;26
877;29
878;27
879;47
1385;31
1498;47
882;62
883;35
884;59
885;84
886;31
887;33
888;32
889;84
890;30
891;40
892;28
893;34
894;26
895;41
896;52
897;24
898;28
899;34
900;38
901;55
902;46
903;46
904;52
905;52
906;23
907;39
908;52
909;53
910;41
911;53
912;37
913;32
914;49
915;33
916;50
917;40
918;51
919;38
920;54
921;41
922;37
923;33
924;37
925;39
926;34
927;41
928;33
929;37
1570;27
1571;27
931;52
932;49
933;50
934;40
935;42
936;43
937;27
938;29
939;28
940;30
1754;14
1755;14
942;37
943;28
944;48
945;44
946;46
947;46
948;41
949;25
950;25
951;32
952;40
953;33
954;27
955;32
956;43
957;36
958;30
959;32
960;34
961;43
962;48
963;31
964;28
965;32
966;34
967;32
968;32
969;33
3697;39
971;48
972;27
973;32
974;27
975;41
976;33
977;42
978;27
979;59
980;52
981;41
982;30
983;30
984;39
985;27
986;84
1521;56
1522;43
988;49
989;31
990;30
991;49
993;54
992;84
994;37
995;41
996;31
997;35
998;23
999;22
1000;39
1001;36
1002;31
1003;38
1004;33
1005;29
1006;31
1007;42
1008;30
1009;48
1010;45
5871;26
1012;48
1013;36
1014;41
1015;41
1016;25
1017;51
1018;40
1019;36
1020;36
1021;38
1022;37
1023;37
1024;40
1025;48
1026;30
1027;46
1028;38
1029;35
1030;44
1031;43
1032;45
1033;49
1034;44
1035;38
1036;46
1037;45
1038;47
1039;50
1040;54
1041;41
1042;44
1043;47
1044;33
1045;28
1046;23
1047;32
1048;50
1049;42
1050;38
1051;48
1052;64
1053;46
1054;42
1055;41
1056;45
1057;40
1058;43
1059;28
1060;38
1061;40
1062;23
1063;47
1064;23
1065;45
1066;37
1067;24
1068;38
1069;29
1070;59
1071;40
1072;49
1073;47
1074;39
1075;43
1076;37
1077;34
1078;33
1079;40
1080;48
1081;41
1082;40
1083;40
1084;29
1085;47
1086;61
1087;48
1088;39
1089;44
1090;26
1091;29
1092;38
1093;46
1094;32
1095;46
1096;44
1097;26
1098;26
1099;23
1100;35
1101;26
1102;23
1103;39
1104;42
1105;35
1106;52
1107;41
1108;40
1109;25
1110;37
1111;28
1112;40
1113;43
1114;48
1115;44
1116;30
1117;34
1118;84
1119;36
8601;11
1121;28
1122;46
1123;41
1124;84
1126;26
1148;39
1128;57
1129;65
1130;35
1131;53
1132;49
1133;23
1134;27
1135;41
1136;50
1137;33
1138;23
1139;46
1140;32
1141;32
1142;37
1143;24
1144;32
1145;26
1146;27
1147;44
1149;42
1150;43
1151;61
1152;51
1153;54
1154;52
1155;59
1156;52
1157;36
1158;52
1159;50
1160;57
1161;57
1162;45
1163;59
1164;57
1165;35
1166;61
1167;84
1168;56
1169;55
1170;54
1171;49
1172;48
1173;51
1174;21
1175;21
1176;39
1177;32
1178;57
9016;10
1180;30
1181;31
1182;56
1183;38
1184;27
1185;26
1186;30
1187;23
1188;18
1189;22
1190;20
1191;22
1192;23
1193;39
1194;23
1195;20
1196;24
1197;24
1198;40
1199;34
1200;41
1201;53
1202;56
1203;55
1204;58
1205;51
1206;51
1207;54
1208;63
1209;57
1210;54
1211;57
1212;52
1213;54
1214;54
1215;53
1216;56
1217;60
1218;52
1219;54
1220;54
1221;56
1222;54
1223;63
1224;55
1225;48
1226;47
1227;45
1228;48
1229;27
1230;47
1231;36
1232;34
1233;34
1234;39
1235;23
1236;51
1237;33
1238;54
1239;39
1240;34
1241;36
1242;41
1243;36
1244;50
1245;42
1246;37
1247;39
1248;44
1249;34
1250;50
1251;48
1252;44
1253;28
1254;52
1255;45
1256;33
1257;52
1258;49
1259;34
1260;37
1261;50
1262;39
1263;62
1264;48
1265;63
1266;21
1267;67
1268;54
1269;60
1270;64
1271;54
1272;58
1273;66
1274;49
1275;58
1276;61
1277;53
1278;63
1279;63
1280;68
1281;60
1282;47
1283;56
1284;48
1285;64
1286;50
1287;52
1288;65
1289;54
1290;55
1291;64
1292;56
1293;49
1294;53
3942;43
1296;46
1297;49
1298;54
1299;55
4707;18
1301;48
1302;61
1303;22
1304;36
1305;25
1306;25
1307;46
1308;25
1309;38
1310;46
1311;57
1312;63
1313;32
1314;35
1315;43
1316;30
1317;39
1318;51
1319;35
1320;22
1321;43
1322;44
1323;52
1325;84
1326;37
1327;28
1328;46
1329;28
1330;66
1331;25
1332;47
1333;52
1334;40
1335;55
1336;51
1337;55
1338;40
1339;43
1340;48
1341;53
1342;56
1343;52
1344;36
1345;53
1346;53
1347;59
1348;51
1349;43
1350;40
1351;84
1352;33
1353;84
1473;84
1355;33
1356;37
1357;33
1358;84
1359;84
1360;84
1361;84
1362;42
1363;44
1364;40
1365;44
1366;38
1367;84
1368;84
1369;34
1370;46
1371;41
1372;36
1373;29
4045;43
1375;84
1376;36
1377;29
1379;49
1380;45
5523;56
1382;45
1383;52
1386;84
1387;25
1388;25
1389;36
1390;30
1477;28
1392;56
1394;29
1395;30
1396;25
1397;28
1398;24
1399;44
1400;41
1401;25
1402;43
1403;46
1404;55
1405;54
1406;54
1407;56
1408;44
1409;54
1410;57
1411;54
1412;43
1413;34
1414;61
1415;62
1416;60
1417;32
1418;41
1419;39
1420;45
1421;33
1422;30
1423;42
1424;29
1425;48
1426;44
1427;39
1428;42
1429;45
1430;38
1431;37
1432;35
1433;61
1434;33
1435;38
1436;24
1437;44
1438;39
1439;46
1440;26
1441;28
5529;29
1443;36
1444;71
1445;38
1446;37
1447;40
1448;39
1449;46
1450;34
1451;42
1452;46
1453;39
1454;36
1455;43
1456;45
1457;44
1458;43
1459;54
1460;53
1461;57
1462;69
1463;48
1464;65
1465;37
1466;69
1467;40
1468;49
1469;59
1470;31
5526;21
1472;32
1474;33
1476;54
1478;25
1479;84
1480;39
1481;23
1482;37
1483;30
1484;55
1485;30
1486;29
1487;32
1488;37
1490;23
1491;53
1492;24
1493;27
1494;29
1495;54
1496;47
1497;47
1499;29
1500;48
1501;30
6499;22
1504;47
1505;39
1506;40
1507;84
1508;48
1509;58
1510;38
1511;36
1512;84
1513;30
1514;36
1515;30
1516;23
1517;28
1518;84
1519;55
1520;27
1523;48
1524;35
1525;26
1526;45
1527;44
1528;29
1529;58
1530;42
1531;29
1532;40
1533;46
1534;35
1535;38
1536;38
1537;39
1538;37
1539;32
1540;36
1541;28
1542;24
1543;44
1544;25
1545;53
1546;48
1547;36
1548;29
1549;39
1550;36
1551;27
1552;31
1553;47
1554;30
1555;54
1556;34
1557;22
1558;67
1559;52
1560;22
1561;42
1562;29
1564;46
1565;49
1566;38
1567;53
1568;26
1569;36
1572;25
1573;84
1574;34
1575;46
1576;27
1577;25
1578;28
1580;46
1582;54
1583;59
1584;38
1585;30
1586;31
1587;31
1588;40
1589;41
1590;31
1591;31
1592;53
1593;41
1594;33
1595;43
1596;42
1597;47
1598;23
1599;17
1600;17
1601;17
1602;17
1603;17
1604;17
1605;17
1606;16
1607;17
1608;17
1609;16
1610;17
1611;17
1612;17
1613;17
5520;26
1615;17
1616;17
1617;16
1618;17
1619;33
1620;14
1621;14
1622;14
1623;14
1624;14
1625;14
1626;14
1627;14
1628;14
1629;14
1630;14
1631;14
1632;14
1633;14
1634;14
1635;13
1636;14
1637;14
1638;14
1639;14
1659;17
1640;17
1641;14
1642;14
1643;14
1644;15
1645;13
1646;14
1647;14
1648;14
1649;14
1650;14
1651;14
1652;14
1653;14
1654;14
1655;14
1656;14
1657;15
1658;14
1660;17
1661;17
1662;17
1663;17
1664;18
1665;16
1666;17
1667;17
1668;17
6203;17
1670;17
1671;17
5524;84
1673;14
1674;14
1675;14
1676;14
1677;14
1678;14
1679;19
1680;14
1681;14
1682;14
1683;20
1684;14
1685;20
1686;20
1687;14
1688;19
1689;20
1690;14
1691;19
1692;14
1693;20
1694;20
1695;14
1696;20
1697;14
1698;19
1699;19
1700;14
1701;14
1702;14
1703;14
1704;14
1705;14
1706;14
1707;20
1708;14
1709;19
1710;14
1711;14
1712;20
1713;20
1714;14
1715;14
1716;14
1717;14
1718;14
1719;14
1720;14
1721;14
1722;14
1723;13
1724;14
1725;14
1726;14
1727;14
1728;14
1729;14
1730;14
1731;14
1732;14
1733;14
1734;14
1735;14
1736;14
1737;14
1738;14
1739;14
1740;14
1741;14
1742;14
1743;15
1744;14
1745;14
1746;14
1747;14
1748;14
1749;14
1750;14
1751;14
1752;14
1753;14
1756;14
1757;14
1758;14
1759;14
1760;14
1761;14
1762;14
1763;14
1764;14
1765;14
1766;14
1767;14
1768;14
1769;14
1770;14
1771;14
1772;13
1773;14
1774;13
1775;14
1872;14
1776;19
1777;20
1778;19
1779;20
1780;20
1781;19
1782;20
1783;19
1784;20
1785;20
1786;20
1787;20
1788;20
1789;19
1790;20
1791;20
1792;19
1793;17
1794;18
1795;17
1796;18
1797;18
1798;18
1799;18
1800;17
1801;17
1802;17
1803;18
1804;17
1805;18
1806;18
1807;18
1808;18
1809;18
1810;17
1811;17
1812;18
1813;17
1814;17
6259;20
1816;17
1817;16
1818;17
1819;17
1820;17
1821;17
1822;17
1823;17
1824;17
1825;17
1826;17
1827;17
1828;17
1829;17
1830;17
1831;17
1832;17
1833;17
1834;17
1835;17
1836;17
1838;14
1839;15
1840;14
1841;14
1842;14
1843;14
1844;14
1845;14
1846;13
1847;14
1848;14
1849;14
1850;13
1851;15
1852;14
1853;13
1854;14
1855;14
1856;14
1857;14
1858;14
1859;14
1860;14
1861;14
1862;14
1863;14
1864;14
1865;14
1866;14
1867;14
1868;14
1869;14
1870;13
1871;14
1873;14
1874;14
1875;14
1876;14
1877;14
1878;14
1879;14
1880;14
1881;14
1882;14
1883;14
1884;14
1885;14
1886;14
1887;14
1888;14
1889;15
1890;14
1891;14
1892;13
1893;14
1894;15
1895;14
1896;14
1897;14
1898;14
1899;14
1900;14
1901;13
1902;14
1903;13
1904;13
1905;34
1906;39
1907;33
1908;39
1909;40
1910;46
1911;36
1912;42
1913;33
1914;47
1915;46
1916;63
1917;31
1918;37
1919;33
1920;40
1921;16
1922;42
1923;16
1924;42
1925;15
1926;48
1927;16
1928;42
1929;16
1930;42
1931;16
1932;15
1933;16
1934;16
1935;16
1936;16
1937;16
1938;16
1939;16
1940;16
1941;16
1942;15
1943;16
1944;16
1945;16
1946;16
1947;16
1948;16
1949;15
1950;16
1951;16
1952;16
1953;16
1954;16
1955;16
1956;16
1957;16
1958;18
1959;16
2049;16
1960;14
1961;14
1962;14
1963;84
1964;13
1965;14
1966;84
1967;14
1968;13
1969;14
1970;14
1971;14
1972;14
1973;13
1974;14
1975;84
1976;14
1977;14
1978;14
1979;14
1980;14
1981;14
1982;14
1983;14
1984;14
1985;14
1986;14
1987;14
1988;14
1989;14
1990;14
1991;14
1992;14
1993;14
1994;14
1995;14
1996;14
1997;14
1998;14
1999;13
2000;14
2001;13
2002;14
2003;16
2004;16
2005;16
2006;16
2007;16
2008;16
2009;16
2010;15
2011;16
3029;46
2013;16
2014;16
2015;16
2016;16
2017;16
2018;16
2019;16
2020;16
2021;16
2023;16
2024;16
2025;16
2026;16
2027;16
2028;16
2029;16
3991;15
4012;15
4124;15
2033;15
2034;15
2035;14
2036;15
2037;15
2038;15
2039;15
2040;15
2041;15
2042;15
2043;15
2044;15
2045;15
2046;15
2047;15
2048;31
2050;16
2051;16
2052;16
2053;16
2054;16
2055;18
2056;16
2057;16
2058;15
2059;15
2060;16
2061;16
2062;16
2063;16
2064;16
2065;16
2066;16
2067;15
2068;16
2069;16
2070;16
2071;17
2072;17
2073;15
2074;15
2075;15
2076;15
2077;15
2078;15
2079;15
2080;15
2081;15
2082;15
2083;15
2084;15
2085;15
2086;15
2087;15
2088;15
2089;15
2090;15
2091;15
2092;15
2093;15
2094;15
2095;14
2096;15
2097;15
2098;15
2099;15
2100;15
2101;15
2102;15
2103;15
2104;15
2105;15
2106;15
2107;15
2108;15
2109;15
2110;15
2111;15
2112;15
2113;15
2114;15
2115;15
2116;15
4081;14
2118;15
4080;14
2120;15
2121;15
2122;15
2123;15
2124;15
2125;15
2126;14
2127;15
2128;15
2129;14
2130;15
2131;15
2132;15
2133;14
2134;15
2135;15
2136;15
2137;15
2138;16
2139;15
2140;15
5508;20
2142;15
2143;15
2144;15
2145;15
2146;15
2147;15
2148;15
2149;15
2150;16
2151;15
2152;15
2153;15
2154;15
2155;15
2156;15
2157;15
2158;14
2159;15
2160;15
2161;15
2162;14
2163;15
2164;15
2165;15
2166;15
2167;15
2168;15
2169;15
2170;15
2171;15
2172;15
2173;15
2174;15
2175;15
2176;15
2177;15
2178;15
2179;15
2180;15
2181;15
2182;15
2183;15
2184;15
2185;15
2186;15
2187;14
2188;15
2189;15
2190;15
2191;15
2192;15
2193;84
2194;20
2195;20
2196;20
2197;20
2198;84
2199;20
2200;20
2201;19
2202;20
2203;20
2204;20
2205;20
2206;21
2207;20
2208;20
2209;21
2210;20
2211;20
2212;20
2213;20
2214;40
2215;37
2216;42
2217;29
2218;48
2219;41
2220;24
2221;40
2222;25
2223;39
2224;26
2225;21
2226;28
2227;21
2228;28
2229;33
2230;41
2231;41
2232;47
2233;52
2234;39
2235;65
2236;36
2237;41
2238;62
2239;43
2240;38
2241;48
2242;30
2243;36
2244;39
2245;36
2246;35
2247;60
2248;39
2249;84
2250;84
2251;84
2252;84
2253;84
2254;84
2255;84
2256;84
2257;84
2258;84
2259;84
2260;84
2261;84
2262;84
2263;84
2264;84
2265;84
2266;19
2267;20
2268;20
2269;20
2270;20
2271;20
2272;20
2273;20
2274;19
2275;20
2276;20
2277;20
2278;20
2279;19
2280;20
2281;20
2282;19
6199;36
2284;21
8617;36
2286;52
4126;15
6208;47
5516;27
2290;36
2291;24
2292;39
2293;43
2294;46
2295;47
2296;46
2297;44
2299;45
2300;39
2301;37
2302;50
2303;45
2304;30
2307;26
2311;35
2309;30
2310;33
2312;44
2313;51
2314;43
2315;26
2316;49
2317;26
2318;45
2319;36
2320;24
2321;47
2322;39
2323;46
2764;33
2325;38
2326;44
2327;36
2328;40
2329;46
2330;40
2331;43
2332;60
2333;41
2334;17
2335;17
2336;17
2337;17
2338;17
2339;17
2340;17
2341;17
2342;17
2343;17
2344;17
2345;17
2346;17
2347;17
2348;17
2349;17
2350;17
2351;17
2352;17
2353;17
2354;17
2355;17
2356;17
2357;17
2358;17
2359;17
2360;17
2361;17
2362;17
2363;17
2364;17
2365;17
2366;17
2367;17
2368;17
2369;17
2370;16
2371;17
2372;17
2373;84
2374;17
2375;16
2376;17
2377;17
2378;17
2379;17
2380;17
2381;17
2382;17
2383;17
2384;17
2385;17
2386;17
2387;17
2388;17
2389;17
2390;17
2391;17
2392;17
2393;17
2394;17
2395;17
2396;17
2397;17
2398;16
2399;17
2400;17
2401;17
2402;17
2403;17
2404;17
2405;17
2406;17
2407;17
2408;17
2409;17
2410;17
2411;17
2412;17
2413;17
2414;34
2415;31
2416;30
2417;32
2418;33
2419;36
2420;40
2421;42
2422;33
2423;40
2424;39
2425;43
2426;50
2427;33
2428;53
2429;38
2430;33
2431;34
2432;38
2433;42
2434;42
2435;26
2436;35
2437;39
2438;30
2439;44
2440;30
2441;52
2442;30
2443;29
2444;23
2445;31
2446;23
2447;31
2448;38
2449;37
2450;30
2451;28
2452;24
2453;28
2454;22
2455;25
2456;24
2457;39
2458;35
2459;40
2460;38
2461;46
2462;40
2463;40
2464;35
2465;28
2466;50
2467;40
2468;40
2469;48
2470;46
2471;45
2472;48
2473;51
2474;37
2479;26
2476;30
2477;35
2478;23
2480;35
2481;28
2482;27
2483;33
2484;40
2485;25
2487;43
2488;51
2489;26
2490;48
2491;45
2492;42
2493;14
2637;15
2495;14
2496;14
2497;14
2498;14
2499;24
2500;25
2501;35
2502;24
2503;26
2504;44
2505;41
2506;41
2507;38
2508;28
2509;31
2510;24
2511;31
2512;41
2513;33
2514;43
2515;42
2516;31
2517;43
2518;44
2519;14
2520;14
2521;13
2522;15
2523;14
2524;13
2525;13
2526;14
2527;13
2528;14
2529;14
2530;12
2531;13
2532;13
2533;14
2534;14
2535;15
2536;15
2537;14
2538;13
2539;15
2540;13
2541;14
2542;15
2543;13
2544;14
2545;14
2546;14
2547;14
2548;16
2549;39
2550;29
2551;27
2552;45
2553;41
2554;33
2555;40
2556;43
2557;35
2558;36
2559;38
2560;42
2561;56
2562;47
2563;44
2564;54
2565;35
2566;49
2567;48
2568;32
2569;48
2570;46
2571;52
2572;39
2573;65
2574;61
2575;36
2576;55
2577;36
2578;35
2579;40
2580;40
2581;40
2582;36
2583;50
2584;50
2585;32
2586;49
2587;37
2588;22
2589;13
2590;13
2591;13
2592;12
2593;13
2594;14
2595;14
2596;13
2597;13
2598;14
2599;14
2600;14
2601;14
2602;13
2603;14
2604;14
2605;14
2606;14
2607;14
5286;52
2610;14
2611;14
2612;14
2613;14
2614;14
2615;14
2616;14
2617;14
2618;14
2619;14
2620;14
2621;14
2622;14
2623;14
2624;14
2625;14
2626;14
2627;14
2628;14
2629;14
2630;14
2631;14
2632;13
2633;14
2634;14
2635;14
2636;14
2638;15
2639;15
2640;15
2641;15
2642;15
2643;15
2644;15
2645;14
2646;14
2647;15
2648;15
2649;15
2650;15
2651;15
2652;15
2653;15
2654;15
2655;15
2656;15
2657;15
2658;15
2659;15
2660;15
2661;15
2662;15
2663;15
2664;15
2665;15
2666;15
2667;15
2668;15
2669;15
2670;15
2671;15
2672;15
2673;15
2674;14
2675;15
2676;15
2677;15
2678;15
2679;15
2680;15
2681;15
2682;15
2683;15
2684;15
2685;15
2686;15
2687;17
2688;15
2689;15
2690;15
2691;15
2692;15
2693;15
2694;15
2695;15
2696;15
2697;15
2698;15
2699;15
2700;15
2701;15
2702;15
2703;15
2704;15
2705;15
2706;14
2707;15
2708;15
2709;15
2710;15
2711;15
2712;15
2713;15
2714;15
2715;15
2716;15
2717;15
2718;15
2719;14
2720;15
2721;15
2722;15
2723;15
2724;15
2725;15
2726;15
2727;14
2728;15
2729;15
2730;15
2731;15
2732;15
2733;15
2734;15
2735;16
2736;15
2737;15
2738;15
2739;15
2740;42
2741;28
2742;35
2743;34
2744;35
2745;15
2746;15
2747;15
2748;15
2749;15
2750;15
2751;15
2752;15
2753;24
2754;32
2755;37
2756;15
2757;24
2758;24
2759;23
2760;26
2762;33
2763;33
2765;34
2766;36
2767;45
2768;31
2769;30
2770;24
2771;24
2772;23
2773;41
2774;41
2775;52
2776;32
2777;43
2778;39
2779;48
2780;37
2781;41
2782;44
2783;42
2784;45
2785;55
2786;41
2787;40
2788;49
2789;29
2790;33
2791;48
2792;31
2793;34
2794;39
2795;41
2796;25
2797;39
2798;38
2799;48
2800;52
2801;24
2802;37
2803;61
2804;48
2805;29
2806;37
2807;29
2808;30
2809;43
2810;45
2811;32
2812;42
2813;39
2814;41
2815;47
2816;49
2817;33
5525;25
2819;41
2820;52
2821;31
2822;29
2823;54
2824;23
2825;49
2826;47
2827;45
2828;44
2829;48
2830;48
2831;40
2832;32
2833;47
2834;49
2835;42
2836;45
2837;40
2838;43
2839;41
2840;38
4492;23
2842;43
2843;31
2844;33
2845;52
2846;48
2847;52
2848;30
2849;38
2850;35
2852;38
2853;23
2854;32
2855;22
2856;24
6506;15
2858;36
2859;36
2860;36
2861;43
2862;37
2863;49
2864;52
2865;58
2866;63
2867;60
2868;58
2870;31
2871;42
2872;35
2873;44
2876;24
2875;36
2877;40
4125;15
2879;26
2880;38
2881;37
2882;37
2883;34
2884;32
2885;61
2886;37
2887;44
2888;33
2889;24
2890;28
2891;31
2892;25
2893;30
2894;36
2895;23
2896;29
2897;23
2898;37
2899;31
2900;37
2901;25
2902;32
2903;24
2904;27
2905;23
2906;26
2907;32
2908;28
2909;37
2910;34
2911;44
7156;21
2913;45
2915;31
2916;38
2917;25
2918;29
3163;40
2919;46
2920;46
2921;42
2922;47
2923;52
2924;16
2925;15
2926;16
2927;16
2928;17
2929;16
2930;16
2931;16
2932;16
2933;16
2934;15
2935;16
2936;16
2937;16
2938;16
2939;17
2940;17
2941;16
2942;17
2943;17
2944;16
2945;16
2946;17
2947;17
2948;17
2949;17
2950;17
2951;16
2952;16
2953;17
2954;16
2955;16
2956;16
2957;16
2958;16
2959;16
2960;16
2961;16
2962;16
2963;16
2964;16
2965;16
2966;16
2967;16
2968;16
2969;16
2970;16
2972;16
2973;27
2974;25
2975;30
2976;16
2977;16
2978;16
7748;23
2980;16
2981;16
2982;16
2983;16
5510;32
2985;16
2986;16
2987;16
2988;16
2989;16
2990;16
2991;16
2992;16
2993;16
2994;16
2995;16
2996;16
2997;16
2998;16
2999;16
3000;16
3001;16
3002;16
3003;16
3004;16
3005;16
3006;16
3007;16
3008;16
3009;16
3010;16
3011;16
3012;16
3013;16
3014;16
3015;16
3016;16
3017;16
3018;16
3019;16
3020;16
3021;16
3022;16
3023;16
3024;16
3025;16
3026;16
3027;16
9599;27
3030;53
3031;29
3032;29
3033;29
3035;33
3036;50
3037;37
3038;34
3039;32
3040;33
3041;30
3042;40
3043;39
3044;45
3045;28
3046;31
3047;53
3048;57
3049;35
3050;38
3051;32
3052;39
3053;35
3054;61
3055;37
3056;58
3057;42
3058;55
3059;46
3060;51
3062;40
3063;44
3064;57
3065;26
3066;25
3067;24
3068;49
3070;26
3071;38
3072;37
3073;26
3074;26
3075;24
3076;32
3077;44
3078;41
3079;33
3080;57
3082;59
3083;37
3084;40
3085;56
3086;14
3087;14
3088;14
3089;14
3090;14
3091;13
3092;13
3093;14
3094;14
3095;13
3096;15
3097;14
3098;14
3099;13
3100;14
3101;13
3102;14
3103;13
3104;14
3105;14
3106;14
3107;14
3108;14
3109;14
3110;14
3111;14
3112;14
3113;14
3114;14
3115;14
3116;14
3117;14
3118;14
3119;14
3120;14
3121;14
3122;14
3123;14
3124;14
3125;30
3126;52
3127;38
3128;44
3129;29
3130;48
3131;26
3132;36
3133;36
3134;23
3135;65
3136;30
3137;18
3138;18
3139;18
3140;18
3141;18
3142;18
3143;18
3144;18
3145;18
3146;18
3147;18
3148;18
3149;18
3150;18
3151;17
3152;18
3153;18
3154;18
3155;18
3156;18
3157;18
3158;18
3176;18
3159;17
3160;17
3161;18
3162;17
3164;18
3165;17
3166;18
3167;18
3168;18
3169;17
3170;17
3171;18
3172;18
3173;18
3174;18
3175;18
3177;17
3178;18
3179;18
3180;18
3181;18
3182;18
3183;18
3184;18
3185;18
3186;18
3187;18
5519;20
3189;18
3190;18
3191;18
3192;17
3193;17
3194;17
3195;17
3196;17
3197;17
3198;17
3199;17
3200;17
3201;17
3202;17
3203;17
3204;17
3205;16
3206;17
3207;17
3208;17
3209;17
3210;17
3211;18
3212;17
3213;17
3214;18
3215;18
3216;18
3217;17
3218;18
3219;18
3220;18
3221;18
3222;18
3223;18
3224;19
3225;18
3226;18
3227;16
3228;18
3229;18
3230;18
3231;17
5507;46
3233;18
3234;18
3235;18
3236;18
3237;18
3238;18
3239;18
3240;18
3241;17
3242;18
3243;18
3244;18
3245;18
3246;18
5615;25
3248;18
3249;18
3250;18
3251;18
3252;18
3253;18
3254;18
3255;18
3256;18
3257;18
3258;18
3259;18
3260;18
3261;18
3262;18
3263;18
3264;18
3265;18
3266;18
3267;18
3268;18
3269;18
3270;18
3271;18
3272;19
3273;31
3274;41
3275;23
3276;25
3277;17
3278;17
3279;17
3280;16
3281;16
3282;15
3283;16
3284;16
3285;17
3286;16
3287;15
3288;16
3289;17
3290;17
3291;17
3292;17
3293;17
5098;18
3295;17
3296;16
3297;16
3298;16
3299;16
3300;16
3301;17
3302;16
3303;17
3304;17
3305;17
3306;16
3307;17
3308;16
3309;16
3310;16
3311;17
5097;14
5643;28
3314;16
3333;42
3315;16
3316;17
3317;17
3318;17
3319;17
3320;17
3321;17
3322;16
3323;16
3324;16
3325;17
3326;16
3327;16
3328;17
3329;17
3330;16
3331;17
3332;26
3334;65
3335;56
3336;16
3337;16
3338;56
3339;56
3340;66
3341;50
3342;63
3343;59
3344;61
3824;35
3346;60
3347;16
3348;16
3349;16
3350;17
3351;16
3352;16
3353;16
3354;17
3355;17
3356;16
3357;17
3358;17
3359;17
3360;17
3361;17
3362;17
3363;17
3364;17
3365;17
3366;17
3367;17
3368;17
3369;17
3370;16
3372;28
3373;30
3374;52
3375;29
3376;25
3377;48
3378;24
3379;16
3380;16
3381;16
3382;16
3383;16
3384;17
3385;17
3386;16
3387;16
3388;16
3389;15
3390;16
3391;16
3392;16
3393;16
3394;16
3395;50
3396;56
3397;56
3398;61
3399;51
3400;51
3401;52
3402;53
3403;53
3404;53
3405;49
3406;53
3407;54
3408;53
3409;53
3410;53
3411;27
3412;30
3413;29
3414;50
3415;26
3416;65
3417;52
5522;30
3419;49
3420;57
3421;51
3422;65
3423;52
3424;53
3425;55
3426;52
3427;50
3428;53
3429;53
3430;56
3431;53
3432;56
3433;59
3434;54
3435;54
3436;59
3437;53
3438;53
3439;46
3440;60
3441;55
3442;56
3443;56
3444;55
3445;24
3446;23
3447;23
3448;24
3449;23
3450;23
3451;23
3452;23
3453;23
3454;26
3455;24
3456;23
3457;23
3458;23
3459;23
3460;24
3461;23
3462;25
3463;50
3464;38
3465;38
3466;30
3467;30
3468;34
3469;31
3470;30
3471;33
3472;42
3473;32
3474;36
3475;46
3476;39
3477;30
3478;38
3479;30
3480;25
3481;25
3482;34
3483;24
3484;27
3485;26
3486;26
3487;25
3488;24
3489;24
3490;15
3491;15
3492;15
3493;15
3494;15
3495;15
3496;15
3497;15
3498;15
3499;15
3500;15
3501;15
3502;15
3503;15
3504;15
3505;15
3506;15
3507;15
3508;15
3509;15
3510;15
3511;15
3512;15
3513;15
3514;15
3515;15
3516;15
3517;15
3518;14
3519;15
3520;15
3521;15
3522;15
3523;15
3524;15
3525;14
3526;15
3527;14
3528;14
3529;14
3530;14
3531;15
3532;15
3533;15
3534;15
3535;15
3536;15
3537;15
3538;15
3539;15
3540;15
3541;15
3542;15
3543;15
3544;15
3545;15
3546;15
3547;15
3548;15
3549;15
3550;15
3551;14
3552;15
3553;15
3554;15
3555;15
3556;15
3557;15
3558;15
3559;15
3560;15
3561;15
3562;15
3563;15
3564;15
3565;15
3566;15
3567;15
3568;15
3569;15
3570;17
3571;15
3572;34
3573;84
3574;84
3575;24
3576;84
3577;84
3578;25
3579;27
3580;84
3581;84
3582;84
3583;84
3584;84
3585;84
3586;84
3587;33
3588;47
3589;26
3590;34
3591;23
3592;24
3593;39
3594;26
3595;13
3596;14
3597;14
3598;14
3599;14
3600;15
3601;14
3602;14
3603;14
3604;13
3605;14
3606;14
3607;14
3608;14
3609;16
3610;14
3624;13
3611;14
3612;14
3613;14
3614;14
3615;14
3616;14
3617;14
3618;14
3619;13
3620;14
3621;14
3622;13
3623;13
9659;21
10041;18
3627;24
3628;14
3629;14
3630;14
3631;39
3632;42
3633;34
3634;30
3635;39
3636;14
3637;14
3638;14
3639;14
3640;14
3641;14
3642;14
3643;14
3644;14
3645;14
3646;14
3647;14
3648;13
3649;14
3650;14
3651;14
3652;14
3653;14
3654;14
3655;14
8615;16
3657;44
3658;44
3659;29
3680;36
3660;53
9677;84
9005;16
3662;45
3663;56
3664;55
3665;61
3666;56
3667;54
3668;51
3669;45
3670;53
3671;58
3672;55
3673;57
3674;52
3675;49
3676;38
3677;29
3678;37
3679;53
3681;72
6486;26
3683;40
3684;32
3685;37
3686;35
3687;30
3688;25
3689;34
3690;39
3691;44
3692;38
3693;42
3694;32
3695;41
3696;42
3698;65
3699;54
3700;52
3701;52
3702;84
3703;84
4491;41
3705;24
3706;84
3707;84
3708;38
3709;27
3710;50
3711;57
3712;37
3713;43
3714;38
3715;84
3716;35
3717;37
3718;46
3719;43
3720;33
3721;50
3722;40
3723;39
3724;46
3725;35
3726;15
3727;15
3728;15
3729;15
3730;15
3731;15
3732;15
3733;15
5644;45
3735;15
3736;15
3737;15
3738;15
3739;15
3740;15
3741;15
3742;15
3743;15
3744;58
3745;49
3746;23
3747;38
3748;42
3749;64
3750;37
3751;23
3752;15
3753;15
3754;15
3755;15
3756;15
3757;15
3758;15
3759;15
3760;15
3761;15
3762;15
3763;15
3764;15
3765;15
3766;15
3767;15
3768;15
3769;15
3770;15
3771;15
3772;15
3773;15
3774;35
3775;60
3776;30
3777;42
3778;29
3779;31
3780;28
3781;24
3782;14
3783;14
3784;14
3785;14
3786;14
3787;14
3788;14
3789;14
3790;14
3791;14
3792;14
3793;14
3794;14
3795;14
3796;14
3797;14
3798;14
3799;14
3800;14
3801;14
3802;14
3803;14
3804;13
3805;14
3806;14
3807;14
3808;14
3809;14
3810;14
3811;14
3812;14
3813;14
3814;14
3815;14
3816;14
3817;14
3818;14
3819;14
3820;14
3821;14
3822;30
3823;30
3825;52
3826;35
3827;14
3828;14
3829;14
3830;14
3831;14
3832;14
3833;14
3834;14
3835;14
3836;14
3837;14
3838;14
3839;14
3840;14
3841;13
3842;14
3843;14
3844;14
3845;25
3846;35
3847;35
3848;27
3849;24
3850;23
3851;38
3852;23
3853;31
3854;30
3855;84
3856;84
3857;84
3858;84
3859;17
3860;18
3861;17
3862;17
3863;18
3864;18
3865;18
3866;18
3867;18
3868;18
3869;18
3870;18
3871;18
3872;18
3873;18
3874;18
3875;18
3876;18
3877;18
3878;18
3879;18
3880;18
3881;18
3882;18
3883;18
3884;18
3885;18
3886;18
3887;18
3888;17
3889;17
3890;17
3891;17
3892;17
3893;17
3894;17
3895;17
3896;17
3897;17
3899;17
3900;18
3901;18
3902;18
3903;18
3906;32
3907;84
3908;15
3909;15
3910;15
3911;15
3912;15
3913;15
3914;15
3915;15
3916;14
3917;15
3918;15
3919;14
3920;14
3921;15
3922;14
3923;15
3924;15
3925;15
3926;15
3927;15
3928;15
3929;15
3930;15
3931;15
3932;15
3933;15
3934;15
3935;52
3936;58
3937;15
3938;30
3939;45
3940;28
3941;29
3943;29
3944;27
3945;56
3946;42
3947;32
3948;34
3949;24
3950;32
3976;38
3952;26
3953;39
3954;27
3955;47
3956;35
3957;31
3958;41
3959;26
3960;28
3961;36
3962;55
3963;56
3964;65
3965;54
3967;43
6212;20
3969;50
3970;61
3971;28
3972;56
3973;56
3974;29
3975;55
3977;30
3978;25
3979;27
3980;58
3981;26
3982;36
3983;47
3984;22
3985;30
3986;30
3987;25
3988;28
3989;32
3990;41
3992;15
3993;15
3994;15
3995;15
3996;15
3997;15
3998;15
3999;14
4000;15
4001;15
4002;15
4003;15
4004;15
4005;15
4006;15
4007;15
4008;15
4009;15
4010;15
4011;15
4013;15
4014;15
4015;15
4016;14
4017;14
4018;14
4019;15
4020;15
4021;14
4022;14
4023;15
4024;13
4025;15
4026;14
4027;14
4028;38
4029;37
4030;37
4031;33
4032;25
4033;32
4034;40
4035;25
4036;50
4037;28
4038;18
4039;18
4040;18
4041;18
4042;18
4043;17
4044;17
4046;38
4047;39
4048;36
4049;15
4050;15
4051;15
4052;15
4053;15
4054;15
4055;15
4056;15
4057;15
4058;15
4059;15
4060;14
4061;15
4062;15
4063;15
4064;15
4065;15
4066;15
4067;14
4068;15
4069;15
4070;15
4071;15
4072;27
4073;35
4074;84
4075;36
4076;38
4077;47
6492;26
4079;14
4082;14
4083;14
4084;13
4085;14
4086;14
4087;13
4088;14
4089;14
4090;14
4091;14
4092;14
4093;14
4094;14
4095;14
4096;14
4097;14
4098;14
4099;14
4100;14
4101;14
4102;27
4103;84
4104;84
4105;30
4106;26
4107;15
4108;15
4109;15
4110;15
4111;15
4112;15
4113;15
4114;15
4115;15
4116;15
4117;15
4118;15
4119;15
4120;15
4121;15
4122;15
4123;15
4127;15
4128;15
4129;15
4130;15
4131;15
4132;14
4133;14
4134;14
4135;14
4136;14
4137;14
4138;14
4139;14
4140;14
4141;16
4142;14
4143;14
4144;14
4145;14
4146;14
4147;14
4148;14
4149;14
4150;14
4151;14
4152;14
4153;14
4154;14
4155;14
4156;14
4157;14
4158;14
4159;14
4160;14
4161;14
4162;14
4163;84
4164;39
4165;21
4166;51
4167;33
4168;23
4169;36
4170;38
4171;36
4172;21
4173;37
4174;49
4775;14
4176;41
4177;33
5191;22
4180;23
4181;23
4182;21
4183;36
4184;31
4185;35
4186;36
4187;32
4188;39
4189;45
4190;29
4191;40
4192;36
4193;39
4194;58
4195;35
4196;31
4197;21
4198;62
4199;44
4200;44
4201;43
4202;34
4203;39
4204;33
4205;27
4206;43
4207;39
4208;28
4209;32
4210;46
4211;49
4212;50
4213;47
4214;44
4215;52
4216;42
4217;42
4218;41
4219;36
4220;49
4221;46
4222;22
4309;44
4224;23
4225;25
4226;23
4227;23
4228;25
4229;22
4230;21
4231;47
4232;22
4234;61
4235;20
4236;32
4237;31
4238;29
4239;45
4240;37
4241;38
4242;24
4243;37
4244;37
4245;84
4246;34
4247;32
4248;27
4249;29
4250;31
4251;29
4252;27
4253;33
4254;25
4255;37
4256;42
4257;38
4258;39
4259;41
4260;36
4261;40
4262;41
4263;41
4264;42
4265;41
4266;38
4267;42
4268;36
4269;38
4270;45
4271;29
4272;36
4273;38
4274;56
4275;22
4276;41
4277;40
4278;43
4279;24
4280;25
4281;50
4282;36
4283;32
4284;39
4285;51
4286;38
4287;84
4288;22
4289;31
4290;30
4291;56
4293;84
4294;27
4295;38
4296;52
4297;33
4298;31
4299;20
4300;35
4301;41
4302;28
4303;49
4304;33
4305;37
4306;28
4307;34
4308;49
4310;39
4311;39
4312;30
4313;29
4314;61
4315;51
4316;61
4317;52
4318;42
4319;23
4320;44
4321;23
4322;25
4323;36
4324;58
4325;41
4326;36
4327;29
4328;42
4329;30
4330;46
4331;32
4332;32
4333;36
4334;42
4335;39
4336;22
4337;43
4338;23
4339;52
4340;48
4341;51
4342;30
4343;50
4345;28
4346;34
4347;24
4348;24
4349;37
4350;46
4351;49
4352;34
4353;84
4354;58
4355;31
4356;30
6231;45
4357;42
4358;45
4359;55
4360;31
4361;49
4362;38
4363;23
4374;59
4364;38
4365;41
4366;38
4367;35
4368;42
4369;54
6648;51
4371;56
4372;23
4373;56
4375;59
4376;23
4377;31
4378;29
4379;24
4380;31
4381;23
4382;29
4383;33
4384;24
4385;52
4386;51
4387;29
4388;22
4389;30
4390;21
4391;49
4392;35
4393;38
4394;35
4395;43
4396;41
4397;32
4398;25
4399;35
4400;37
5656;29
4401;61
4402;36
4403;39
4405;33
6287;25
5285;47
4409;47
4410;62
4411;38
4412;22
5634;32
4413;41
4414;27
4415;40
4416;44
4419;36
4420;30
4421;31
4422;30
4423;29
4424;22
4425;22
4426;30
4427;44
4428;29
4429;34
4430;41
4431;21
4432;23
4433;31
4434;33
4435;33
4436;39
4437;31
4438;40
4439;36
4440;35
4441;26
4442;39
4443;43
4444;42
4445;42
4446;38
4447;41
4448;37
4449;41
4450;36
4451;53
4452;35
4453;41
4454;48
4455;40
4456;32
4457;30
4458;32
4459;36
4460;36
4461;64
4462;65
4463;47
4464;42
4465;36
4466;42
4467;53
4468;33
4469;38
4470;46
4471;35
4472;54
4473;28
4474;25
4475;54
4476;49
4477;59
4478;37
4479;27
4480;33
4481;30
4482;44
4483;31
4484;42
4485;39
4486;47
4487;35
4488;34
4489;37
4490;40
4493;52
4494;40
4495;68
4496;34
4497;40
4498;51
4499;50
4500;22
4501;43
4502;70
4503;44
4504;28
4505;38
4506;37
4507;24
4508;50
4509;36
4510;42
4511;39
4512;26
4513;32
4514;50
4515;26
8743;45
4517;27
4518;42
4519;84
4520;53
4521;41
4522;50
4523;38
4524;22
4525;23
4526;28
4527;30
4528;45
4529;41
4530;36
4531;22
4532;41
4533;53
4534;35
4535;36
4536;37
5096;42
4537;37
4538;37
4539;51
4540;37
4541;25
4542;26
4543;23
4544;30
4545;38
4546;24
4547;23
4548;25
4549;58
4550;24
4551;45
4552;25
4553;43
4554;31
4555;22
4556;32
4557;24
4558;22
4559;51
4560;31
4561;21
4563;57
4564;44
4794;14
4565;45
4566;27
4568;28
4569;22
4570;31
4571;32
4572;38
4573;49
4574;35
4575;28
4576;55
4577;49
4578;46
4579;32
4580;47
4581;48
4582;57
4583;42
4584;35
4585;47
4586;54
4587;51
4588;52
4589;50
4590;52
4591;45
4592;36
4594;57
4595;38
4596;32
4597;52
4598;51
4599;38
4600;35
4601;39
4602;37
4603;34
4604;41
4605;34
4607;46
4608;40
4609;23
4610;34
4611;15
4612;14
4613;14
4614;15
4615;15
4616;14
4617;15
4618;15
4619;15
4620;15
4621;15
4622;15
4623;15
4624;14
4625;15
4626;16
7826;20
4628;14
4629;13
4630;49
4631;37
4632;27
4633;47
4634;30
4635;33
4636;52
4637;44
4638;50
4639;44
4640;30
4641;41
4642;44
4643;23
4644;23
4645;14
4646;14
4647;15
4649;12
4650;13
5839;13
4651;17
4652;17
4653;18
4654;18
4655;18
4656;17
4657;17
4658;18
4659;17
9491;9
4661;19
4662;16
4664;15
4665;15
4666;15
4667;15
4668;15
4669;53
4670;47
4671;15
4672;16
4777;14
4674;14
4675;14
5645;39
4677;18
4678;15
4679;15
4680;15
4681;17
4682;16
4683;16
5518;15
4685;16
4686;16
4687;15
4688;15
4689;15
4690;15
4691;15
4692;15
4694;14
4695;14
4696;14
4697;14
4774;14
4698;14
4699;14
4701;13
4702;13
4703;13
4704;13
4705;13
4706;30
4708;18
4709;18
4710;18
4718;18
4712;18
4713;18
4714;18
4715;17
4716;18
4717;17
4719;15
5528;23
4722;15
4723;15
5509;33
4724;16
4725;21
4726;21
4727;21
4728;20
4729;19
4730;20
4731;20
4732;20
4733;20
4734;20
4735;20
4736;20
4737;20
4738;19
4739;19
4740;19
4741;19
4742;19
4743;20
4744;18
4745;18
4746;18
4747;18
4748;17
4749;17
4750;17
4751;17
4752;17
4753;17
4754;17
4755;17
4756;16
4757;16
4758;16
4759;16
4760;16
4761;18
4762;17
4763;18
4764;17
4765;17
4766;17
4767;18
4768;19
4769;18
4770;17
4771;17
4772;17
4773;18
4778;14
4779;14
4780;14
4781;14
4782;14
4783;14
4784;14
4785;14
4786;14
4787;14
4788;14
4789;14
4790;14
4791;14
4792;14
4793;14
4795;14
4796;13
4797;14
4798;14
4799;14
4800;14
4801;13
4802;14
4803;14
4804;14
4805;16
4806;16
4807;16
4808;16
4809;16
4810;16
4811;16
4812;17
4813;17
4814;17
4815;17
4820;17
4818;17
4821;17
4822;17
4823;16
4824;16
4825;16
4826;16
4827;16
4828;16
4829;16
4830;16
4831;16
4832;18
4833;18
4834;18
4835;18
4836;18
4837;18
4838;18
4839;18
4840;16
4841;16
4842;16
4843;16
4844;16
4845;16
4846;16
4847;16
4848;16
4849;16
4850;33
4851;15
5111;13
4853;13
4854;14
4855;13
4856;14
4857;12
4858;14
4859;23
4860;22
4861;17
4862;17
4863;15
4864;15
4865;15
4866;15
4867;15
4868;15
4869;15
4870;19
4871;19
4872;19
4873;19
4874;19
4875;19
4876;19
4877;19
4878;19
4879;19
4880;19
4881;19
4882;19
4883;19
4884;19
4885;19
4886;19
4887;19
4888;19
4889;19
4890;19
4891;19
4892;19
4893;19
4894;19
4895;19
4896;19
4897;15
4898;17
4899;44
4900;39
4902;55
4903;61
5511;27
4905;53
4906;16
4907;16
4908;16
4909;16
4910;16
4911;16
4912;16
4913;16
4914;16
4915;16
4916;16
4917;16
4918;16
4919;16
4920;16
4921;16
4922;16
4923;16
4924;16
4925;16
4926;16
4927;16
4928;16
4929;16
4930;16
4931;25
4932;15
4933;31
4934;15
4935;15
4936;16
4937;15
4938;15
4939;14
4940;15
4941;16
4942;15
4944;14
4945;35
4946;39
4947;18
4948;18
4949;18
4950;18
4951;18
4952;18
4953;18
4954;18
4955;18
4956;18
4957;18
4958;18
4959;18
4960;19
4961;18
4962;18
4963;18
4964;18
4965;18
4966;18
4967;42
4968;27
4969;23
4970;20
4971;18
4972;19
4973;19
4974;18
4975;18
4976;19
4977;19
4978;18
4979;18
4980;19
4981;19
4982;18
4984;18
4985;19
4986;19
4987;19
4988;18
4989;18
4990;19
7925;29
4992;17
4993;22
4994;49
4995;45
4996;14
4997;14
4998;14
4999;14
5000;14
5001;14
5002;15
5003;15
5004;15
5005;15
5006;15
5007;15
5008;15
5009;15
5010;15
5011;15
5012;15
5013;15
5014;15
5015;15
5016;15
5110;17
5018;14
5019;19
5020;17
5021;18
5022;19
5023;19
7754;30
5025;19
5026;19
5027;19
5028;18
5029;20
5030;20
5031;19
5032;19
5033;19
5034;19
5035;18
5036;19
5037;19
5038;18
5039;19
5040;19
5041;20
5042;18
5043;54
5044;52
5045;15
5233;35
5046;16
5047;16
5048;16
5173;20
5050;14
5051;13
5052;14
5053;14
5054;12
5055;14
5056;14
5057;16
5058;14
5059;13
5060;13
5061;17
5062;17
5063;17
5064;17
5065;51
5066;23
5067;23
5068;24
5069;24
5070;23
5071;25
5072;23
5073;25
5074;23
5075;26
5076;27
5077;24
5078;23
5079;23
5080;24
5081;24
5082;24
5083;30
5084;30
5085;44
5086;54
5087;34
5088;24
5089;40
5090;45
5091;59
5092;26
5093;15
5094;62
5095;13
5100;28
5101;39
5102;38
5103;31
5104;29
5105;33
5106;84
5107;24
5108;84
5109;23
5112;18
5113;23
5114;39
5115;17
5116;17
5219;39
5118;84
5119;38
5120;38
5121;41
5122;53
5123;21
5124;29
5125;19
5126;19
5127;19
5128;19
5129;19
5130;19
5131;19
5132;19
5133;19
5134;19
5135;19
5136;19
5138;19
5139;19
5140;19
5141;19
5142;53
5143;45
5144;40
5145;39
5146;23
5147;22
5148;18
5149;23
5150;84
5151;24
5152;23
5153;22
5154;50
5155;33
5156;24
5157;15
5158;28
5159;20
5160;20
5161;19
5162;20
5163;19
5164;20
5165;14
5166;14
5167;14
5168;22
5169;23
5170;24
5171;26
5172;34
5174;20
5175;20
5177;20
5178;21
5179;20
6072;21
5180;16
5181;45
5182;19
5183;38
5184;14
5185;13
5186;13
5187;13
5188;13
5189;13
5190;24
5204;16
5192;33
5193;53
5194;19
5195;20
5196;32
5197;41
5198;31
5199;39
5200;29
5201;39
5202;42
5203;21
5205;19
5206;19
5207;19
5208;48
5209;19
5210;19
5211;19
5212;45
5213;21
5214;17
5215;28
5216;26
5217;43
5218;25
5220;38
5221;40
5222;38
5223;46
5224;16
5225;16
5226;16
5227;16
5228;16
5229;16
5230;16
5273;53
5232;15
5234;16
5235;31
5236;27
5237;38
5238;23
5239;13
5240;12
5241;12
5242;13
5243;18
5244;30
5245;21
5246;30
5247;53
5248;46
5249;40
5250;16
5251;16
5252;16
5253;16
5254;16
5255;16
5256;16
5257;16
5258;16
5259;16
5260;16
5261;28
5262;35
5264;15
5265;33
5266;17
5267;17
5268;29
5269;17
5270;14
5271;24
5501;32
5274;84
5275;23
5276;23
5278;34
5279;46
5280;50
5281;30
5282;84
5283;16
5284;16
5289;17
5290;17
5291;17
5292;17
5293;17
5294;14
5295;17
5296;17
5297;17
5298;17
5299;19
5300;19
5301;19
5302;19
5303;19
5304;19
5305;18
5306;19
5307;20
5308;18
5309;15
5310;14
5311;14
5312;15
5313;13
5314;14
5315;13
5316;15
5318;13
5319;13
5320;13
5321;13
5322;48
5323;43
5324;18
5325;19
5326;19
5327;19
5328;19
5329;18
5330;18
5331;19
5332;17
5333;18
5334;18
5335;18
5336;18
5337;18
5338;18
5339;17
5340;17
5341;17
5342;15
5343;17
5344;17
5345;17
5346;84
5347;16
5348;16
5349;16
5350;19
5351;19
5352;19
5353;19
5354;19
5355;19
5356;19
5357;19
5358;84
5359;19
5360;18
5361;18
5362;84
5364;19
5365;19
5366;19
5367;19
5368;84
5616;34
5370;14
5372;14
5373;12
5374;12
5375;14
5376;13
5377;14
5378;14
5379;13
5380;13
7568;44
5382;15
5383;15
5384;55
5385;21
5386;44
5387;22
5388;38
5512;37
5389;15
5391;84
5502;23
5393;15
5394;16
5395;84
7740;12
6255;22
5397;14
5398;84
5399;13
6252;33
5401;13
6251;22
5402;14
5403;14
5404;14
5405;14
5406;15
5407;13
5408;15
5409;84
5506;19
5411;15
5412;13
5413;14
5414;15
5415;14
5416;13
5417;15
5418;13
5419;14
7270;16
5421;15
5513;31
5423;14
5424;15
5425;13
5426;14
5942;14
5428;15
5429;14
5430;14
5431;13
5432;16
5433;17
5434;16
5435;16
5436;17
5437;17
5438;17
5439;16
5440;16
5441;21
5442;17
5443;17
5444;17
5445;17
7825;20
5447;17
5448;17
5449;18
5450;16
5451;17
5452;17
5453;17
5454;16
5455;17
5456;19
5457;18
5458;18
5459;18
5460;18
5461;19
5462;18
5463;18
5464;18
5465;17
5466;18
5467;18
5468;18
5469;17
5470;19
5471;19
5472;19
5473;20
5474;19
5475;17
5476;17
5477;18
5478;18
5479;19
5480;19
5481;13
5482;13
5483;13
5485;13
5486;14
5487;14
5488;14
5489;48
5490;13
5491;13
5492;13
5493;13
5494;13
5495;84
5496;84
5497;58
5498;47
5499;19
5500;38
5503;23
5505;34
5514;22
5515;22
5517;31
5530;47
5531;25
5532;27
5533;28
5534;59
5535;28
5536;47
5537;56
5538;46
5539;61
5540;40
5541;49
5542;48
5543;41
5544;32
5545;44
5546;48
5547;29
5548;42
5549;35
5550;41
5551;38
5552;59
5553;33
5554;52
5555;41
5556;42
5557;36
5558;38
5559;59
5560;36
5561;50
5562;32
5563;45
5564;21
5565;31
5566;38
5567;39
5568;39
5569;40
5570;47
5571;37
5572;31
5573;32
5574;34
5575;38
5576;54
5577;23
5646;29
5579;45
5580;53
5581;37
5582;20
5583;36
5584;38
5585;50
5586;31
5587;36
5588;31
6501;35
5590;21
5591;38
5592;30
5593;37
5617;20
5595;43
5596;37
5597;61
5598;38
5599;50
5600;31
5601;20
5602;28
5603;31
5604;26
5605;34
5606;40
5607;31
5608;22
5609;39
5610;56
5611;20
5612;27
5613;38
5614;20
5618;52
5619;23
5620;44
5621;22
5622;22
5623;52
5625;47
5658;37
5626;36
5627;40
5628;27
5629;50
7616;46
6309;34
5632;25
5633;31
5635;23
5636;25
5637;36
5638;34
5639;41
5640;30
5641;42
5642;36
5647;47
5648;41
5649;44
5650;20
5651;52
5652;31
5653;26
5654;42
5992;14
5655;24
5751;23
5657;45
5659;22
5660;34
5661;41
5662;36
5663;45
5664;41
5665;38
5666;29
5667;35
5668;38
5669;38
5670;24
5671;37
5672;39
5673;60
5674;27
5675;43
5676;35
5677;35
5678;23
5679;36
5680;31
5681;38
5682;37
5683;26
5684;21
5685;49
5686;50
5687;27
5688;53
5689;28
5690;41
5691;41
5692;40
5693;39
5694;38
5695;21
5696;23
5697;23
5698;21
5699;41
5700;38
5701;25
5702;39
5703;44
5704;36
5705;49
5706;34
5707;26
5708;37
5709;38
5710;52
5711;37
5712;45
5713;43
5714;55
5715;38
5716;26
5717;47
5718;37
5719;36
5720;32
5721;36
5722;26
5723;25
5724;39
5725;84
5726;84
5727;49
5728;34
5729;43
5730;40
5731;25
5732;44
5733;53
5734;37
5735;42
5736;25
5737;40
5738;35
5739;60
5740;23
5741;23
5742;23
5743;34
5744;23
5745;35
5746;26
5747;29
5748;22
5749;34
5750;20
5752;36
5753;40
5754;23
5755;24
5756;40
5757;27
5758;27
5759;41
5760;25
5761;43
5762;26
5763;22
5764;36
5765;40
5766;28
5767;21
5768;25
5769;43
5770;22
5771;42
5772;26
5773;23
5774;27
5775;38
5777;37
5910;29
5778;42
5779;42
5780;23
6143;25
5781;46
5782;23
5783;25
5784;37
5785;36
5786;37
6606;35
5788;41
5789;26
5790;37
5791;48
5792;46
5793;28
5794;27
5795;32
5796;24
5797;23
5798;22
5799;55
5800;46
5801;46
5802;21
5803;28
5804;47
5805;54
5806;50
5807;24
5808;28
5809;41
5810;28
5811;43
5812;42
6098;17
5813;47
5814;42
5815;15
5816;14
5817;28
5818;43
5819;31
5820;32
5821;21
5822;21
5823;48
5824;32
5825;34
5826;22
5827;47
5828;27
5829;34
5830;23
5831;38
5832;36
5833;41
5834;13
5835;13
5836;13
5837;13
5838;13
5840;13
5841;13
5842;13
5843;12
5844;13
5845;13
5846;13
5847;13
5848;12
5849;13
7827;27
5851;12
5852;13
5853;13
5854;13
5855;13
5856;13
5857;13
5858;13
5859;12
5860;11
5861;12
5862;12
5863;12
5872;50
6674;40
7623;25
6802;62
6198;32
5868;23
5869;27
5870;32
5873;25
5874;84
5875;18
5876;17
5877;18
5878;17
5879;17
5880;18
5881;17
5882;17
5883;18
5884;84
5885;18
5886;18
5887;17
5888;17
5889;84
5890;17
5891;84
5892;18
5893;18
5894;31
5895;40
5896;15
5897;15
5898;14
5899;15
5900;15
5901;15
5902;15
5903;15
5904;14
5905;15
5906;15
5907;15
5908;15
5909;15
5911;15
5912;15
5914;14
5915;15
6434;22
5916;13
5917;12
5918;12
5919;12
5920;13
5921;13
5922;13
5923;12
5924;13
5925;12
5926;12
5927;13
5928;12
5929;13
5930;12
5931;84
5932;12
5933;12
5934;12
5935;12
7752;34
5937;12
5938;12
5939;17
6495;44
5941;16
5943;14
5944;16
5945;15
5946;15
5947;14
5948;13
5949;12
5950;12
5951;39
5952;16
5953;16
5954;16
5955;16
5956;16
5957;16
5958;16
5959;17
5960;13
5961;13
5962;13
5963;13
5964;13
5965;13
5966;13
5967;12
5968;13
5969;13
5970;13
5971;13
5972;13
5973;13
5974;13
5975;12
5976;12
5977;13
5978;13
5979;13
5980;13
5981;13
5982;13
5983;13
5984;13
5985;13
5986;13
5987;13
5988;14
5989;14
5990;54
5991;23
5993;14
5994;14
5995;14
5996;14
5997;15
5998;14
5999;14
6000;14
6001;14
6002;13
6003;13
6004;13
6005;14
6006;14
6007;14
6008;13
6009;14
6010;14
6011;13
6012;14
6013;14
6014;14
6015;13
6016;14
6017;13
6018;14
6019;20
6020;63
6021;14
6022;14
6023;14
6024;16
6025;32
6026;20
6027;19
6028;20
6029;19
6030;20
6031;20
6032;19
6033;21
9643;17
6035;22
6036;20
6037;29
6038;20
6039;19
6040;19
6041;20
6042;20
6043;19
6044;21
6045;21
6046;21
6047;21
6048;20
6049;20
6050;20
6051;20
6052;21
6053;21
6054;19
6055;19
6056;19
6057;19
6058;19
6059;19
6060;19
6061;19
6062;19
6063;19
6064;19
6065;19
6066;19
6067;19
6068;19
6069;19
6071;40
6073;20
6074;21
6075;20
6076;20
6077;21
6078;39
6079;16
6080;26
6081;39
6082;20
6083;21
6084;21
6085;21
6086;21
6087;20
6088;20
6089;20
6090;20
6091;21
6092;20
6093;20
6094;21
6095;20
6096;20
6097;20
6099;17
6100;13
6101;13
6102;13
6103;13
6104;13
6105;13
6106;13
6107;13
6108;13
6109;13
6110;13
6111;12
6112;13
6113;13
6114;12
6115;12
6116;12
6117;12
6118;12
6119;13
6120;13
6121;12
6122;19
6123;28
6195;11
6124;26
6125;13
6126;12
6127;13
6128;13
6129;18
6130;17
6484;14
6132;17
6133;17
6134;18
6135;18
6136;17
6137;17
6138;16
6139;84
6140;18
6141;18
6142;18
6144;30
6145;22
6146;38
6147;13
6148;13
6149;13
6150;13
6151;13
6152;13
6153;13
6154;13
6155;13
6156;13
6157;13
6158;13
6159;13
6160;13
6161;12
6162;12
6163;13
6164;13
6165;13
6166;13
6167;13
6168;13
6169;13
6170;13
6171;13
6172;13
6173;13
6174;12
6175;12
6176;12
6177;13
6178;12
6179;13
6180;11
6181;11
6182;13
6183;12
6184;13
6185;12
6186;16
6187;22
6188;13
6189;12
6190;12
6191;11
6192;12
6193;21
6194;24
6197;49
6200;14
6201;16
6202;36
6204;21
6205;24
6206;31
6207;39
6209;28
6211;29
6213;39
6214;24
6215;27
6216;29
6217;22
6218;22
6234;23
6219;22
6220;27
6221;27
6222;22
6223;21
6224;47
6225;23
6226;33
6227;23
6228;13
6230;34
6232;38
6233;26
6235;34
6236;22
6237;34
6238;39
6239;43
6240;21
6241;22
6242;12
6243;21
6244;30
6245;25
6246;25
6247;13
6248;13
6257;24
6250;15
6253;13
6254;25
6256;30
6258;22
6260;24
6261;21
6262;21
6263;21
6264;21
6265;25
6266;21
6267;13
6268;13
6269;56
6270;52
6271;24
6272;26
6273;23
6274;34
6275;45
6276;22
6277;13
6278;15
6279;48
6280;19
6281;37
6282;38
6283;53
6284;39
6285;37
6286;29
6288;44
6289;35
6290;13
6291;24
6292;30
6294;12
6295;47
6296;33
6297;32
6298;44
6299;36
6300;26
6301;46
6302;24
6303;24
6304;26
6305;36
6306;27
6307;21
6308;35
6310;35
6311;30
6312;48
6313;46
6314;45
6315;35
6316;34
6317;48
6318;22
6319;18
6320;18
6321;14
6322;14
6323;11
6324;12
6325;29
6327;27
6328;64
6329;41
6330;13
6331;22
6332;18
6333;20
6334;18
6335;18
6336;20
6337;21
6338;18
6339;18
6340;14
6341;14
6342;14
6379;16
6344;14
6345;14
6346;14
6347;14
6348;13
6349;14
6350;17
6351;18
6352;17
6353;18
7553;17
6355;17
6356;17
6357;14
6358;14
6359;14
6360;14
6361;13
6362;14
6363;14
6364;14
6365;14
6366;14
6367;14
6368;14
6369;14
7728;44
6371;14
6372;14
6373;14
10042;8
6375;16
6376;16
6377;16
6378;16
6380;16
6381;16
6382;84
6383;16
6384;16
6385;16
6386;14
6387;17
6388;17
6389;17
6390;17
6391;16
6392;17
6394;15
6395;14
6396;16
6397;16
6398;14
6399;14
6400;16
6401;15
6402;16
6403;16
6404;15
6405;15
6406;15
6407;13
6408;14
6409;14
6410;12
6411;12
6412;12
6413;43
6414;13
6416;13
6417;14
6418;16
6419;16
6420;17
6421;17
6422;17
6423;27
6424;28
6425;27
6426;33
8127;34
6428;52
6429;31
6430;56
6431;25
6432;23
6433;39
6435;23
6436;23
6437;25
6438;23
6439;23
6440;22
6441;22
6442;25
6443;27
6444;21
6445;14
6446;13
6447;14
6448;13
6449;13
6450;13
6451;13
6452;14
6453;14
6454;15
6455;16
6456;16
6457;18
6458;18
6459;18
6460;18
6461;18
6462;16
6463;18
6464;16
6465;18
6466;17
6467;17
6468;17
6469;17
6470;84
6471;84
6472;18
6473;18
6474;18
6475;18
6476;27
6477;14
6478;14
6479;42
6480;20
6481;63
6482;15
6483;24
6485;16
6487;26
6488;28
6489;29
6490;26
6491;15
6493;24
6494;22
6496;25
6497;27
6498;29
6502;21
6504;24
6505;24
6507;42
6508;22
6509;52
6510;47
6511;36
6512;21
6513;20
6514;23
6515;40
6518;42
6517;27
6519;27
6520;27
6521;32
6522;41
6523;25
6524;43
6525;33
6526;21
6527;28
6528;29
6529;23
6530;26
6531;42
6532;22
6533;34
6534;38
6535;32
6536;24
6537;27
6538;22
6539;24
6540;20
6541;22
6542;20
6543;26
6544;24
6545;21
6546;21
6547;22
6548;29
6549;26
6550;30
6551;21
6552;21
6553;20
6554;36
6615;24
6555;37
6556;29
6557;50
6558;28
6559;22
6560;32
6561;29
6562;35
6563;25
6564;28
6565;44
6566;61
6567;28
6568;24
6569;36
6570;41
6571;30
6572;42
6573;24
6574;25
6575;53
6576;39
6577;39
6578;31
6579;25
6580;30
6581;38
6582;33
6583;45
6584;42
6585;48
6586;37
6587;45
6588;35
6589;41
6590;41
6591;21
6592;37
6593;28
6594;21
6595;35
6596;28
6597;25
6598;22
6599;21
6600;20
6601;29
6602;22
6603;50
6604;46
6605;24
6607;52
6608;54
6609;60
6610;40
6611;32
6612;33
6613;24
6614;31
6616;22
6618;37
7233;33
6619;20
6620;49
6621;42
6622;45
6623;41
6624;63
6625;64
6626;59
6627;58
6628;56
6629;43
6630;39
6631;22
6632;59
6633;47
6634;22
6635;37
6636;48
6637;60
6638;55
6639;44
6640;45
6641;27
6642;21
6643;45
6644;20
6645;22
6646;42
6647;62
6649;44
6650;49
6651;42
6652;32
6653;84
6654;45
6655;37
6656;41
6657;52
6658;47
6659;47
6660;45
6661;28
6662;29
6663;39
6664;41
6665;30
6666;32
6667;48
6668;30
6669;30
6670;43
6671;29
6672;48
6673;33
7612;41
6675;45
6676;60
6677;31
6678;55
6679;31
6680;50
6681;84
6682;57
6683;41
6684;33
6685;37
6686;29
6687;40
6688;38
6689;34
6690;37
6691;33
6692;39
6693;35
6694;38
6695;65
6696;35
6697;30
6698;41
6699;41
7225;20
6701;50
6702;84
6703;84
6704;84
6705;84
6706;84
6707;84
6708;84
6709;46
6710;84
6711;48
6712;63
6713;51
6714;62
6715;42
6716;84
6717;47
6718;84
6719;84
6720;39
6721;39
6722;33
6723;33
6724;31
6725;84
6726;38
6727;54
6728;37
6729;37
6730;42
6731;29
6732;52
6733;41
6734;42
6885;47
6736;30
6737;57
6738;40
6739;42
6740;29
6741;34
6743;31
6793;37
6744;27
6745;40
8566;33
6748;42
6749;50
6750;37
6751;36
6752;39
6803;37
8638;22
6754;45
6755;84
6756;35
6757;37
6758;41
6759;41
6760;48
6761;29
6762;84
6763;42
6764;30
6765;47
6766;58
6767;30
6768;43
6769;40
6770;84
6771;84
6772;84
6773;61
6774;29
6775;39
6776;47
6777;47
6778;33
6779;47
6780;42
6781;39
6782;49
6783;38
6784;37
6785;49
6786;37
6787;40
6788;37
6789;30
6790;30
6791;30
6792;38
6794;33
7749;16
6796;33
6797;31
6798;27
6799;29
6800;44
6801;37
6804;62
6805;51
6806;44
6807;30
6808;54
6809;70
6810;51
6811;39
6812;54
6813;40
6814;33
6815;54
6816;43
6817;37
6818;53
6819;41
6820;33
6821;53
6822;43
6823;36
6824;60
6825;35
6826;54
6827;31
6828;53
6829;56
6830;62
6831;43
6832;35
6833;42
6834;39
6835;39
6836;49
6837;32
6838;37
6839;42
6840;28
6841;38
6842;52
6843;57
6844;41
6845;54
6846;38
6847;49
6848;38
6849;45
6850;34
6851;34
6852;28
6853;38
6854;35
6855;40
6856;58
6857;37
8605;14
6859;48
6860;31
6861;49
6862;46
6863;39
6864;42
6865;39
6866;40
6867;51
6868;84
6869;45
6870;42
6871;40
6872;48
6873;36
6874;50
6875;53
6876;44
6877;38
6878;33
6879;60
6880;33
6881;57
6882;49
6883;38
6884;39
6886;30
6887;56
6888;19
6889;39
6890;28
6891;21
6892;33
6893;36
6894;23
7155;62
6896;28
6897;21
6898;26
6899;41
6900;21
6901;41
6902;36
6903;21
6904;21
6905;31
6906;30
6907;37
6908;49
6909;46
6910;41
6911;30
6912;48
6913;43
6914;32
6915;36
6916;39
6917;39
6918;42
6919;29
6920;29
6921;34
6922;24
6923;35
6924;31
6925;30
6926;48
6927;41
6928;50
6929;51
6930;42
6931;31
6932;41
6933;30
6934;40
6935;38
6936;48
6937;38
6938;28
6939;38
6940;31
6941;36
6942;22
6943;29
6944;32
6945;26
6946;26
6947;36
6948;43
6949;41
6950;29
6951;39
6952;20
6954;35
6955;25
6956;32
6957;20
6958;53
6959;48
6960;26
6961;25
6962;38
6963;60
6964;23
6965;46
6966;28
7232;23
6967;27
6968;28
6969;35
6970;39
6971;39
6972;26
6974;38
6975;39
6976;47
6977;42
6978;40
6979;42
6980;39
6981;28
6982;42
6983;54
6984;52
6985;41
6986;30
6987;21
6988;53
6989;56
6990;29
6991;20
6992;20
6993;23
6994;27
6995;33
6996;57
6997;38
6998;48
6999;29
7000;33
7001;48
7002;56
7602;44
7004;32
7005;41
7006;42
7007;25
7008;45
7009;34
7019;35
7011;36
7012;33
7013;34
7014;42
7015;50
7016;31
7017;38
7018;44
7020;34
7021;35
7022;49
7023;39
7024;61
7025;26
7026;25
7027;35
7028;42
7029;39
7030;35
7031;45
7032;35
7033;53
7034;52
7035;21
7036;34
7037;32
7038;32
7039;48
7040;52
7041;30
7042;47
7043;36
7044;40
7045;34
7046;37
7047;23
7048;43
7049;33
7050;53
7051;32
7052;38
7053;43
7054;47
7055;42
7056;27
7057;37
7058;51
7059;67
7060;37
7061;41
7062;43
7064;33
7120;84
7066;23
7067;49
7068;29
7069;48
7070;39
7197;21
9508;43
7073;24
7074;38
7075;46
7076;32
7077;44
7078;22
7079;21
7080;27
7081;42
7082;35
7083;59
7084;52
7085;43
7086;35
7087;34
7088;27
7089;31
7090;31
7091;32
7092;32
7094;36
7095;36
7096;36
7097;35
7098;28
7099;29
7100;28
7101;28
7102;28
7210;22
7103;40
7104;35
7105;22
7106;24
7108;38
7624;20
7109;24
7110;36
7111;36
7112;23
7113;33
7114;27
7198;52
7116;23
7117;24
7118;19
7119;25
7121;44
7122;47
7123;44
7124;37
7125;52
7126;51
7127;21
7128;39
7129;31
7130;31
7131;44
7132;42
7133;29
7134;42
7136;32
7137;45
7138;45
7139;34
7140;27
7141;50
7142;41
7143;52
7144;40
7145;84
7146;61
7147;48
7148;40
7149;21
7150;21
7151;21
7152;48
7153;25
7154;36
7157;27
7158;43
7159;41
7160;54
7161;45
7162;45
7163;25
7164;24
7165;41
7166;40
7167;34
7168;44
7169;22
7170;41
7171;26
7172;30
7173;21
7174;45
7175;42
7176;37
7177;31
7178;50
7179;23
7180;40
7181;84
7182;24
7183;37
7184;21
7185;23
7186;33
7187;36
7188;41
7189;31
7190;21
7191;21
7192;42
7194;29
7196;22
7199;27
7200;40
7201;20
7202;34
7203;23
7204;21
7205;21
7206;21
7207;22
7208;24
7209;32
7211;41
7212;21
7213;31
7214;25
7215;21
7216;20
7217;41
7218;54
7219;28
7220;39
7222;29
7223;23
7224;27
7226;33
7227;20
7228;25
7229;32
7230;38
7231;50
7239;37
7235;21
7236;22
7237;27
7238;21
7240;11
7241;12
7242;12
7677;12
7244;12
7245;12
7246;12
7247;12
7248;12
7249;11
7250;12
7251;12
7252;12
7253;12
7254;12
7255;11
7256;12
7257;12
7258;12
7259;11
7260;11
7261;11
7262;11
7263;12
7264;13
7265;16
7266;16
7267;15
7269;16
7271;12
7272;12
7273;12
7274;12
7275;12
7276;12
7277;12
7278;12
7279;12
7280;12
7281;12
7282;12
7283;12
7284;12
7285;12
7286;12
7287;12
7288;11
7289;13
7290;14
7291;13
7292;14
7293;14
7294;13
7295;13
7296;15
7297;14
7298;13
7299;12
7300;12
7301;14
7302;15
7303;13
7304;13
7305;14
7306;13
7307;16
7309;15
7310;11
7311;11
7312;11
7313;11
7314;11
7315;11
7316;10
7317;11
7318;11
7319;11
7320;11
7321;11
7322;11
7323;10
7324;11
7325;11
7326;11
7327;11
7328;11
7329;11
7330;11
7331;11
7332;11
7333;12
7334;12
7335;12
7336;12
7337;12
7338;12
7339;12
7340;12
7341;12
7342;12
7343;12
7344;12
7345;12
7346;12
7347;12
7348;12
7349;12
7350;12
7351;12
7352;12
7353;12
7354;11
7355;11
7356;11
7357;11
7358;11
8559;25
7360;11
7361;11
7362;11
7363;11
7364;11
7365;11
7366;11
7367;11
7368;11
7369;11
7370;11
7371;11
7372;10
7373;10
7374;12
7375;11
7376;11
7377;11
7378;11
7379;11
7380;11
7381;20
7382;13
7383;15
7384;16
8125;16
7386;15
7387;12
7388;11
7389;12
7390;11
7391;11
7392;11
7393;12
7394;11
7395;12
7396;11
7397;11
7398;11
7399;9
7400;11
7401;11
7402;11
7403;12
7404;12
7405;11
7406;11
7407;16
7408;16
7409;16
7410;16
7411;16
7412;17
7413;17
7414;17
7415;17
7416;17
7417;17
7418;13
8603;13
7420;16
7421;17
7422;19
7423;19
7569;44
7425;13
7426;13
7427;13
7428;12
7429;12
7430;12
7431;12
7432;12
7433;12
7434;12
7435;12
7436;12
7437;12
7438;12
7439;12
7440;12
7441;12
7442;12
7443;12
7444;45
7445;16
7446;16
7447;16
7448;15
7449;14
7450;15
7451;16
9443;17
7453;16
7454;16
7455;16
7456;16
7457;16
7458;16
7459;15
7460;16
7461;16
7462;16
7463;13
7464;14
7465;14
7466;14
7467;13
7468;16
7469;26
7470;38
7471;29
7472;24
8404;34
7474;43
7475;48
7476;27
7477;14
7478;14
7479;14
7481;16
7482;15
7483;84
7484;15
7485;12
7486;13
7487;12
7489;14
7490;14
7491;14
7492;14
7608;37
7493;13
7494;12
7495;12
7496;12
7497;12
7498;11
7499;12
7500;12
7501;12
7502;12
7503;12
7504;11
7505;12
7506;12
7507;12
7508;12
7509;11
7510;12
7511;12
7512;12
7513;12
7514;12
7515;24
7516;21
7517;29
7518;19
7519;28
8090;20
7521;14
7522;21
7523;12
7524;45
7525;14
7526;14
7527;15
7528;15
7529;19
7530;13
7531;14
7532;14
7533;14
8409;40
7535;14
7536;14
7537;14
7538;25
7542;20
7541;13
7543;38
7544;17
7545;17
7546;51
7547;19
7548;32
7549;17
7550;17
7551;15
8752;22
7554;17
7555;17
7556;17
7557;19
7558;15
7559;15
7561;15
7562;15
7563;47
7564;20
7565;22
7566;84
7570;43
7571;20
7572;11
7573;11
7574;11
7575;11
7576;11
7577;11
7578;11
7579;10
7580;11
7581;10
7582;11
7583;11
7584;21
7585;18
7586;21
7587;19
7588;23
7589;27
7591;16
7592;37
7593;23
7594;28
7595;12
7596;33
7600;13
7598;25
7599;42
7601;22
7628;32
7604;24
7605;49
7606;22
7607;21
7609;38
7610;19
7611;51
7613;21
7614;29
7615;40
7617;50
7618;21
7619;54
7620;26
7621;35
7622;23
7625;25
7626;35
7627;20
7629;25
7630;27
7631;12
7632;13
7633;11
7634;14
7635;13
7636;13
7637;13
7638;14
7639;17
7640;14
7641;15
7642;14
7643;16
7644;17
7645;17
7646;16
7647;15
7648;14
7649;14
7650;14
7651;13
7652;13
7653;13
7654;13
7655;12
7656;13
7657;11
7658;13
7659;13
7660;11
7661;13
7662;11
7663;12
7664;13
7665;13
7666;15
7667;13
7668;13
7669;13
7670;16
7671;16
7672;16
7673;15
7675;17
7703;13
7676;13
7678;16
7679;17
7730;14
7681;14
7682;16
7683;16
7684;14
7685;16
7686;17
7687;17
7688;17
7689;13
7690;11
7691;12
7692;11
7693;11
7694;11
7695;15
7696;11
7697;11
7698;12
7699;13
7700;11
7701;11
7702;13
7704;20
7705;27
7706;44
7707;23
7708;44
8870;25
7710;27
7711;20
7712;20
7713;41
7714;19
7715;38
7716;25
7717;21
7718;49
7719;24
7720;29
7721;28
7723;25
7788;22
7725;29
7726;36
7727;43
7729;22
7731;11
7732;13
7733;13
7734;14
7735;22
7736;11
7737;12
7738;15
7739;14
7741;12
7742;84
7743;12
7744;12
7745;11
7746;35
7747;30
7750;16
7751;16
7755;32
7756;36
7757;23
7758;21
7759;20
7760;21
7761;37
7762;32
7763;46
7764;34
7797;55
7766;19
7767;25
7768;37
7769;19
7770;39
7771;39
7772;39
7773;39
7774;39
7775;40
7776;49
7777;39
7778;39
7780;39
7823;27
7781;27
7782;23
7783;49
7784;53
7785;45
7786;52
7787;43
7789;32
7791;24
7792;27
7793;48
7794;28
7795;24
7796;18
7798;24
7799;31
7800;46
7801;27
7802;32
7803;39
7804;37
7805;23
7806;34
7807;30
7809;50
7813;20
7812;36
7814;32
7815;36
7816;28
7817;35
7818;20
7819;43
7820;31
7821;20
7822;37
7824;35
7828;27
7829;30
7830;36
7831;47
7832;29
7833;29
7834;31
7835;18
7836;18
7837;41
7838;23
7839;25
7840;35
7841;31
7842;20
7843;19
7844;32
7845;22
7846;22
7847;40
7848;38
7881;31
7850;21
7851;24
7852;26
7853;31
7854;22
7855;27
7856;20
7857;26
7858;27
7859;24
7860;23
7861;23
7862;22
7863;20
7864;20
7865;20
7866;20
7867;20
7868;23
7869;28
7870;22
7871;21
7872;23
7873;22
7874;36
7875;24
7876;22
7877;24
7878;25
7879;23
7880;21
7882;30
7883;25
7884;28
8119;13
7886;20
7887;20
7888;35
7889;32
8296;14
7890;22
7891;32
7892;19
7893;55
8616;84
7895;41
7896;23
7897;39
7898;35
7899;41
7900;32
7901;19
7902;38
7903;21
7904;53
8744;47
7906;43
7907;30
7908;26
7909;27
7910;29
7911;34
7912;53
8039;59
7914;41
8018;36
7915;27
7916;34
7917;27
7918;29
7919;29
7920;26
7921;27
7923;34
7924;25
7926;24
7927;25
7928;27
7929;64
7930;28
7931;26
7932;35
7933;35
7934;28
7935;35
7936;37
7937;27
7938;25
7939;24
7940;45
7941;30
7942;21
7943;43
7944;29
7945;38
7946;33
7947;39
7948;20
7949;47
7950;46
7951;40
7952;31
7953;37
7954;46
7955;44
7956;32
7957;33
7958;36
7959;42
7960;44
7961;37
7963;38
7964;31
7965;40
7966;35
7967;28
7968;41
7969;42
7970;29
7971;57
7972;34
7973;43
7974;36
7975;34
7976;42
7977;26
7978;28
7979;35
7980;19
7981;35
7982;58
7983;30
7984;36
7985;52
7986;32
7987;64
7988;46
7989;17
7990;31
7991;31
7992;35
7993;40
7994;26
7995;34
7996;29
7997;42
7998;49
7999;30
8000;33
8001;48
8002;52
8003;17
8004;30
8005;47
8006;38
8007;33
8008;39
8009;32
8010;84
8011;28
8012;20
8013;18
8014;25
8016;44
8019;42
8020;32
8021;45
8022;40
8023;31
8024;19
8025;29
8026;47
8027;31
8028;41
8029;37
8376;28
8031;25
8032;34
8033;31
8034;23
8035;23
8036;20
8037;22
8038;22
8040;39
8041;37
8042;45
8043;22
8044;21
8045;27
8046;31
8047;20
8048;24
8049;29
8050;39
8051;63
8052;52
8053;18
8054;54
8055;36
8056;35
8057;48
8058;36
8059;38
8060;70
8061;42
8062;30
8063;62
8064;43
8065;40
8066;38
8067;43
8068;34
8069;27
8070;50
8071;27
8072;36
8073;35
8074;31
8075;26
8076;49
8077;48
8078;21
8079;21
8081;36
8082;53
8083;24
8084;20
8085;23
8086;24
8087;18
8088;46
8089;29
8091;19
8092;28
8093;27
8094;50
8095;28
8096;38
8097;25
8098;52
8099;21
8100;31
8101;19
8102;29
8103;22
8104;38
8105;22
8106;21
8107;22
8108;21
8109;39
8110;29
8374;36
8112;19
8113;30
8114;35
8115;36
8116;52
8117;21
8118;21
8120;13
8121;13
8122;11
8123;19
8124;49
8126;11
8128;9
8129;9
8130;11
8131;12
8132;12
8133;11
8134;12
8135;11
8136;12
8137;12
8138;11
8139;12
8140;12
8141;12
8142;12
8143;12
8144;11
9594;52
8146;57
8147;37
8148;20
8149;34
8150;22
8151;52
8152;40
8153;48
8154;21
8155;20
8156;26
8157;16
8158;17
8159;16
8160;17
8161;17
8162;17
8163;17
8164;16
8165;17
8166;17
8167;15
8168;17
8169;17
8170;17
8171;17
8172;16
8173;17
8174;17
8175;12
8176;13
8177;37
8178;20
8179;41
8180;21
8181;12
8182;40
8183;21
8685;23
8185;12
8186;11
8187;11
8188;84
8189;84
8190;13
8191;84
8192;12
8193;13
8194;12
8195;84
8196;13
8197;12
8198;84
8199;11
8200;10
8201;11
8202;84
8203;12
8204;11
8205;11
8206;11
8207;84
8208;11
8209;11
8210;11
8211;10
8212;10
8213;11
8214;11
8215;10
8345;14
8572;33
8218;84
8219;84
8220;84
8221;84
8222;84
8223;84
8224;84
8225;84
8226;10
8227;11
8228;12
8229;12
8230;12
8231;11
8232;11
8233;11
8234;12
8235;11
8236;12
8237;12
8238;12
8239;11
8240;13
8241;13
8242;13
8243;13
8244;13
8245;13
8246;16
8247;16
8248;16
8249;10
8250;10
8251;10
8252;10
8253;10
8254;11
8255;11
8256;18
8257;20
8259;35
8260;84
8261;17
8262;17
8263;17
8264;17
8266;20
8267;13
8268;29
8270;84
8271;13
8350;16
8273;13
8349;16
8275;15
8276;14
8277;13
8278;14
8279;14
8280;12
8281;12
8282;15
8283;13
8284;12
8285;14
8286;14
8287;14
8288;14
8289;14
8290;34
8292;10
10004;9
8294;21
8295;10
8297;11
8298;11
8299;11
8300;21
8301;11
8302;11
8303;11
8304;11
8305;11
8306;11
8307;11
8308;10
8309;11
8310;11
8311;46
8312;35
8313;14
8314;18
8315;14
8316;14
8317;46
8318;42
8319;27
8320;14
8321;14
8322;11
8323;11
8324;11
8325;11
8326;11
8327;10
8328;10
8329;11
8330;11
8331;10
8332;11
8333;11
8334;11
8335;11
8336;10
8519;21
8338;14
8339;14
8340;13
8341;14
8342;13
8343;13
8344;28
8346;12
8405;24
8348;11
8351;16
8352;26
8353;16
8354;17
8355;18
8357;16
8358;17
8359;16
8360;17
8361;17
8362;16
8363;16
8364;42
8365;17
9015;10
8367;27
8368;20
8369;14
8370;10
8371;84
8372;20
8375;43
8373;16
8377;31
8378;31
8379;21
8380;67
8381;34
8382;39
8383;10
8384;10
8385;10
8386;10
8387;13
8388;10
8389;9
8390;10
8391;9
8392;9
8393;10
8394;10
8395;10
8396;10
8397;10
8398;10
8399;10
8400;10
8401;10
8402;10
8403;18
8406;19
8407;33
8408;35
8410;11
8411;11
8639;33
8413;15
8414;13
8567;20
8415;25
8416;44
8417;15
8418;16
8419;16
8420;15
8421;15
8422;15
8423;14
8424;15
8425;15
8426;15
8427;13
8428;14
8429;16
8430;14
8431;20
8432;11
8433;38
8435;11
8436;11
8437;35
8438;11
8439;10
8440;11
8441;11
8442;11
8443;11
8444;11
8445;21
8446;38
8447;10
8448;10
8449;11
8450;11
8451;11
8452;11
8453;11
8454;10
8455;9
8456;11
8457;10
8458;10
8459;10
8460;11
8461;10
8462;10
8463;10
8464;11
8465;11
8466;10
8467;10
8468;10
8469;10
8470;9
8471;11
8472;11
8473;11
8474;9
8475;11
8476;10
8481;34
8478;25
8479;20
8480;12
8482;22
8602;12
8484;18
8485;16
8486;18
8487;18
8488;16
8489;16
8490;17
8491;17
8492;18
8493;14
8494;14
8495;14
8496;14
8497;14
8498;12
8499;11
8500;12
8501;9
8502;10
8503;10
8504;9
8505;12
8506;12
8507;12
8508;12
8509;12
8510;13
8511;12
8512;12
8513;12
8514;10
8515;12
8516;12
8517;11
8518;12
8520;16
8521;14
8522;14
8523;14
8524;14
8525;13
8578;20
8526;16
8527;13
8528;13
8530;14
8531;12
8532;14
8543;11
8533;12
8534;12
8535;12
8537;10
8538;12
8539;12
8540;11
8544;11
8541;24
8542;22
8546;12
8547;11
8548;11
8549;11
8550;11
8551;11
8552;11
8553;11
8554;11
8555;11
8556;11
8557;12
8558;14
8560;12
8561;44
8564;22
8563;19
8565;21
8568;11
8569;12
8570;12
8571;10
8573;24
8575;20
8576;47
8577;26
8579;28
8580;27
8581;42
8582;22
8583;44
8584;37
8585;21
8586;36
8587;25
8588;26
8589;25
8590;38
8591;12
8592;10
8593;10
8594;10
8595;24
8596;13
8597;34
8598;84
8600;33
8604;13
8606;10
8607;10
8608;84
8609;10
8610;10
8611;84
8612;10
8613;10
8614;84
8618;36
8619;29
8620;49
8621;43
8622;18
8623;52
8624;42
8625;40
8626;30
8627;36
8628;32
8629;34
8630;57
8631;33
8632;35
8633;46
8634;36
8635;26
8636;43
9679;39
8640;35
8641;25
8642;25
8643;46
8644;36
8645;33
8646;36
8647;34
8648;41
8649;23
8650;28
8651;35
8652;25
8892;34
8654;17
8655;19
8656;40
8657;35
8658;27
8659;29
8660;26
8661;45
8662;44
8663;38
8664;50
8665;46
8666;37
8667;39
8668;45
8669;47
8670;27
8671;32
8672;39
8673;34
8674;25
8675;31
8676;52
8677;20
8678;37
8679;34
8680;40
8681;28
8682;21
8683;37
8684;29
8686;28
8687;28
8688;35
8689;21
8690;39
8691;48
8772;37
8693;19
8695;39
8696;38
8697;25
8698;32
8699;17
8700;41
8701;17
8710;27
8702;30
8703;44
8704;35
8705;24
8706;26
8707;47
8708;28
8709;28
8711;39
8712;26
8713;55
8714;40
8715;29
8716;18
8717;49
8718;31
8719;42
8720;42
8721;44
8722;45
8723;25
8724;50
8725;21
8726;29
8727;41
8728;84
8729;18
8730;49
8731;56
8732;28
8733;18
8734;41
8753;24
8736;20
8737;20
8763;41
8739;19
8740;35
8770;30
8742;49
8745;20
8746;34
8747;2
8748;22
8749;27
8750;21
8751;34
8754;21
8755;24
8756;20
8759;21
8758;20
8760;20
8761;21
8762;20
8765;38
8766;26
8767;28
8768;34
8769;35
8771;18
8773;35
8774;26
8775;25
8776;19
8777;25
8778;23
8779;36
8780;27
8782;34
8783;51
8784;21
8785;51
8786;38
8787;36
8788;37
8789;40
8790;38
8791;24
8792;44
8793;37
8794;32
8795;39
8796;38
8797;36
8798;19
8799;36
8800;37
8801;37
8802;38
8803;35
8804;30
8805;37
8806;84
8807;40
8808;59
8809;56
8810;29
8811;41
8812;23
8813;31
8814;40
8815;35
8816;19
8817;45
8818;37
8819;37
8820;24
8821;40
8822;34
8823;34
8824;42
8825;38
8826;18
8827;38
8828;41
8829;49
8830;19
8831;20
8832;20
8833;19
8834;19
9667;23
8836;32
8837;40
8838;24
8839;19
8840;23
8841;38
8842;40
8843;35
8844;36
8845;25
8846;27
8847;24
8848;21
8849;28
8850;30
8851;27
8852;30
8853;36
8854;39
8855;35
8856;28
8857;39
8858;30
8859;37
8860;38
8861;28
8862;26
8863;40
8864;27
8865;28
8866;28
8867;19
8868;33
8869;23
8871;18
8872;45
8873;37
8874;29
8875;33
8876;45
9804;24
8878;36
8879;23
8880;39
8881;30
8882;39
8883;29
8884;35
8885;27
8886;46
8887;38
8888;17
8889;17
8890;26
8891;21
8893;32
8894;25
8895;37
8896;29
8897;22
8898;46
8899;46
8900;28
8901;49
9601;22
8903;21
8904;41
8905;31
8906;34
8907;31
8908;46
8909;35
8910;32
8911;44
8912;36
8913;17
8914;51
8915;40
8916;17
8917;17
8918;17
8919;66
8920;32
8921;84
8922;51
8923;31
8924;57
8925;16
8926;29
8927;20
8928;34
8929;20
8930;20
8931;59
8932;20
8933;20
8934;30
8935;48
8936;50
8937;26
8938;21
8939;19
8940;19
8941;21
8942;33
8943;30
8944;31
8945;45
8946;23
8947;20
8948;24
8949;33
8950;33
8951;19
8952;30
8953;28
8954;29
8955;23
8956;35
8957;61
8959;34
8960;28
8961;11
8962;9
8963;9
8964;9
8965;9
8966;9
8967;9
8968;9
8969;10
8970;10
8971;10
8972;10
8973;10
8974;10
8975;9
8976;9
8977;9
8978;9
8979;10
8980;54
8981;9
8982;9
8983;11
8984;12
8985;14
8986;12
8987;9
8988;9
8989;17
8990;84
8991;16
8992;13
8993;13
8994;13
8995;12
8996;12
8997;12
8998;12
8999;12
9000;11
9001;11
9002;12
9003;12
9004;12
9006;14
9007;22
9008;10
9009;10
9010;8
9011;10
9012;10
9013;9
9014;10
9017;9
9018;10
9019;9
9020;10
9021;9
9022;10
9023;10
9024;9
9025;10
9026;16
9027;16
9028;16
9029;16
9030;17
9031;16
9032;16
9033;16
9034;15
9035;15
9036;15
9037;15
9038;10
9039;10
9040;10
9041;10
9042;10
9043;9
9044;8
9045;9
9046;9
9047;9
9048;9
9049;11
9050;9
9051;9
9052;10
9053;10
9054;9
9055;10
9056;9
9057;10
9058;11
9059;11
9060;29
9061;50
9062;23
9063;44
9064;40
9065;50
9066;26
9067;48
9068;41
9069;48
9070;50
9071;52
9072;48
9073;49
9074;55
9075;52
9076;34
9077;39
9078;29
9081;26
9080;28
9082;26
9083;46
9084;42
9085;36
9086;40
9087;20
9088;19
9089;30
9090;13
9091;13
9092;9
9093;10
9094;12
9095;11
9096;10
9097;9
9098;13
9099;9
9100;9
9101;10
9102;9
9103;11
9105;10
9132;48
9106;43
9107;35
9108;36
9109;49
9110;50
9111;19
9112;40
9113;54
9114;26
9115;47
9116;47
9117;33
9118;42
9119;20
9120;42
9121;41
9122;46
9123;36
9124;56
9125;38
9126;36
9127;56
9128;50
9129;37
9130;34
9131;43
9133;14
9134;15
9135;13
9136;13
9137;13
9138;13
9139;13
9140;13
9141;12
9142;12
9144;11
9145;12
9335;26
9147;10
9148;10
9149;10
9150;10
9151;10
9152;9
9153;9
9154;9
9155;9
9156;9
9157;9
9158;9
9159;8
9160;8
9161;9
9162;9
9163;10
9164;8
9165;8
9166;10
9167;9
9168;8
9169;10
9170;9
9171;8
9172;10
9173;10
9174;9
9175;8
9176;9
9177;15
9178;15
9852;39
9180;10
9181;10
9182;10
9183;10
9185;10
9186;10
9187;10
9188;10
9189;10
9190;10
9191;10
9192;11
9193;10
9194;10
9195;10
9196;10
9197;10
9198;10
9199;10
9200;10
9201;10
9202;10
9203;10
9204;10
9205;10
9206;10
9207;10
9208;10
9209;10
9210;10
9211;16
9212;16
9213;13
9214;84
9215;84
9216;24
9217;48
9218;30
9219;19
9220;26
9221;39
9222;28
9223;49
9224;21
9225;42
9226;52
9227;29
9228;27
9230;27
9231;21
9232;22
9233;49
9234;45
9235;23
9236;42
9237;30
9238;18
9239;17
9240;25
9241;22
9242;23
9243;47
9244;20
9245;42
9246;21
9247;15
9248;15
9249;43
9250;42
9251;51
9252;34
9253;58
9254;46
9255;40
9256;50
9257;57
9258;50
9259;43
9260;52
9261;54
9262;37
9263;62
9264;36
9265;48
9266;20
9268;54
9269;23
9270;32
9271;50
9272;39
9273;53
9274;19
9275;57
9276;42
9277;46
9278;43
9279;38
9280;30
9281;47
9282;39
9283;43
9284;45
9285;26
9286;28
9287;34
9288;34
9289;39
9290;21
9291;43
9292;51
9293;22
9294;36
9295;84
9296;49
9297;41
9298;20
9323;13
9300;25
9301;14
9302;14
9303;14
9304;14
9305;14
9306;14
9307;14
9308;10
9309;10
9310;9
9311;14
9312;13
9313;13
9314;14
9315;14
9316;14
9317;14
9318;20
9319;18
9320;20
9321;42
9322;23
9324;14
9325;15
9326;14
9327;15
9328;14
9329;13
9330;13
9331;16
9332;24
9333;27
9334;19
9336;14
9337;14
9338;13
9339;14
9340;24
9341;32
9342;42
9343;50
9344;26
9345;47
9346;31
9347;34
9348;37
9349;36
9350;27
9351;34
9352;43
9353;47
9354;43
9355;38
9356;32
9357;26
9358;29
9359;19
9360;25
9361;35
9362;36
9363;24
9364;24
9365;33
9366;32
9367;36
9368;17
9369;18
9370;10
9371;10
9372;10
9373;10
9374;10
9375;10
9376;9
9377;10
9378;10
9379;10
9380;10
9381;10
9382;11
9383;10
9384;9
9385;10
9386;9
9387;9
9388;9
9389;9
9390;39
9391;10
9392;10
9393;10
9394;21
9395;10
9396;12
9397;12
9398;9
9399;9
9400;10
9401;9
9402;9
9403;9
9404;10
9405;9
9406;9
9407;9
9408;9
9409;9
9410;8
9411;8
9412;8
9413;8
9414;8
9415;43
9416;30
9417;57
9418;29
9419;42
9420;39
9421;23
9422;46
9423;51
9424;32
9425;34
9426;28
9427;29
9428;46
9429;40
9430;34
9431;46
9432;30
9433;51
9434;34
9435;53
9436;54
9437;54
9438;52
9439;32
9440;46
9441;32
9442;30
9445;17
9446;17
9447;17
9448;17
9449;15
9450;15
9451;15
9452;52
9453;23
9454;18
9455;38
9456;42
9457;38
9458;40
9459;38
9460;48
9461;38
9462;38
9463;42
9464;37
9465;34
9466;46
9467;41
9468;43
9469;38
9470;36
9471;42
9472;39
9473;47
9474;52
9475;38
9476;35
9477;38
9478;40
9479;31
9480;31
9481;23
9482;42
9483;44
9484;63
9485;41
9486;40
9487;10
9488;84
9866;34
9489;38
9490;35
9492;10
9493;10
9494;10
9495;10
9496;10
9497;10
9498;10
9499;9
9500;9
9501;10
9502;9
9503;10
9504;10
9505;37
9506;42
9507;26
9509;39
9510;40
9511;55
9512;40
9513;48
9514;40
9515;54
9516;37
9517;35
9518;39
9519;39
9520;38
9521;33
9522;36
9523;48
9524;30
9525;45
9526;18
9527;28
9528;28
9529;32
9530;41
9531;34
9532;52
9533;35
9534;50
9535;38
9539;46
9537;57
9538;20
9540;44
9541;44
9542;34
9543;25
9544;44
9545;37
9546;26
9547;29
9548;34
9549;19
9550;41
9551;26
9552;24
9553;21
9554;28
9555;56
9556;27
9557;48
9558;55
9559;26
9560;29
9561;14
10038;23
9563;84
9564;23
9565;23
9566;21
9567;53
9568;37
9569;54
9570;38
9571;66
9572;37
9573;47
9574;43
9575;31
9576;54
9577;37
9578;45
9579;43
9580;38
9581;40
9582;21
9583;50
9584;38
9585;50
9586;28
9587;53
9588;35
9589;29
9590;33
9591;44
9592;43
9593;55
9595;22
9596;49
9597;54
9598;33
9600;20
9602;13
9603;9
9604;20
9605;46
9606;44
9607;17
9608;24
9609;21
9610;22
9611;42
9612;29
9613;84
9614;22
9669;38
9616;34
9617;25
9618;25
9619;26
9620;15
9621;16
9622;21
9623;37
9624;32
9625;19
9626;21
9627;30
9628;61
9629;30
9630;33
9631;42
9632;9
9633;10
9634;11
9635;38
9636;24
9637;31
9648;45
9638;33
9639;45
9640;43
9641;40
9642;23
9644;30
9645;37
9646;21
9647;27
9649;48
9650;48
9651;26
9652;17
9653;48
9654;26
9655;43
9656;35
9657;36
9658;9
9660;49
9661;34
9662;31
9666;37
9665;28
9668;21
9670;39
9671;47
9672;25
9687;51
9673;16
9674;20
9675;44
9676;33
9678;43
9680;34
9681;45
9682;49
9683;21
9684;29
9685;28
9686;28
9688;22
9689;45
9690;39
9691;29
9692;40
9693;34
9694;16
9695;16
9696;15
9697;13
9698;12
9699;13
9700;11
9701;12
9702;12
9703;12
9704;14
9705;14
9706;14
9707;14
9708;15
9709;13
9710;15
9711;15
9712;14
9713;13
9714;15
9715;15
9716;13
9717;10
9718;9
9719;11
9720;10
9721;11
9722;11
9723;10
9724;10
9725;10
9726;9
9727;10
9728;9
9729;12
9730;10
9731;10
9732;9
9733;11
9734;11
9735;11
9736;11
9737;11
9738;11
9739;11
9740;11
9741;11
9742;9
9743;84
9744;84
9745;84
9746;84
9747;84
9748;84
9749;84
9750;84
9751;84
9752;84
9753;84
9754;84
9755;84
9756;12
9757;11
9758;13
9759;12
9760;12
9761;12
9762;12
9763;12
9764;12
9765;12
9766;12
9767;12
9768;12
9769;12
9770;12
9771;12
9772;12
9773;12
9774;12
9775;12
9776;12
9777;12
9778;12
9779;12
9780;12
9781;13
9782;11
9783;14
9784;10
9785;13
9786;13
9787;13
9788;27
9789;58
9790;40
9791;40
9792;34
9793;39
9794;40
9795;24
9796;26
9797;28
9798;41
9799;19
9800;29
9801;37
9802;37
9803;11
9805;9
9806;9
9807;9
9808;16
9809;16
9810;16
9811;17
9812;16
9813;16
9814;17
9815;16
9816;17
9817;16
9818;16
9819;15
9820;16
9821;16
9822;17
9823;17
9824;16
9825;17
9826;16
9827;17
9828;15
9829;17
9830;17
9831;17
9832;16
9833;16
9834;16
9835;17
9836;17
9837;17
9838;52
9839;20
9840;11
9841;84
9842;84
9843;11
9844;10
9845;34
9846;57
9847;48
9848;38
9849;34
9850;47
9851;44
9853;13
9854;13
9855;13
9856;12
9857;13
9858;13
9859;21
9860;38
9861;26
9862;22
9863;22
9864;37
9865;33
9867;35
9868;31
9869;24
9870;34
9871;21
9872;9
9873;47
9874;32
9875;40
9876;9
9877;9
9878;10
9879;8
9880;10
9881;9
9882;8
9883;11
9884;10
9885;10
9886;7
9887;7
9888;10
9889;10
9890;8
9891;9
9892;9
9893;9
9894;9
9895;10
9896;10
9897;10
9898;10
9899;10
9900;10
9901;11
9902;7
9903;8
9904;7
9905;8
9906;7
9907;9
9908;8
9909;10
9910;8
9911;10
9912;7
9913;8
9914;8
9915;8
9916;7
9917;8
9918;9
9919;9
9920;9
9921;9
9922;9
9923;9
9924;9
9925;9
9926;8
9927;9
9928;9
9929;9
9930;8
9931;9
9932;8
9933;9
9934;9
9935;9
9936;9
9937;9
9938;9
9939;10
9940;11
9941;8
9942;10
9943;10
9944;10
9945;8
9946;9
9947;9
9948;11
9949;8
9950;10
9951;9
9952;10
9953;8
9954;10
9955;9
9956;9
9957;8
9958;9
9959;8
9960;8
9961;8
9962;8
9963;8
9964;8
9965;8
9966;8
9967;8
9968;8
9969;8
9970;8
9971;8
9972;8
9973;8
9974;8
9975;8
9976;8
9977;8
9978;8
9979;8
9980;8
9981;8
9982;8
9983;8
9984;8
9985;8
9986;8
9987;8
9988;8
9989;8
9990;8
9991;8
9992;8
9993;8
9994;8
9995;8
9996;8
9997;8
9998;8
9999;8
10000;51
10001;9
10002;9
10003;56
10005;7
10006;11
10007;10
10008;10
10009;9
10010;9
10011;9
10012;9
10013;9
10014;9
10015;9
10016;9
10017;9
10018;9
10019;9
10020;9
10021;9
10022;8
10023;10
10024;10
10025;10
10026;10
10027;10
10028;10
10029;28
10030;10
10031;10
10032;9
10033;9
10034;10
10035;10
10036;22
10039;29
10040;10
10043;39
10044;35
10045;27
