ID player,integral_dev
1.00,-44.29
3.00,-156.02
8.00,34.41
10.00,95.76
10.00,-51.23
13.00,41.68
17.00,23.84
18.00,77.56
19.00,-43.63
21.00,-120.89
22.00,-1.57
24.00,-101.76
25.00,-26.17
26.00,-28.47
35.00,-46.43
37.00,-86.10
39.00,97.01
40.00,51.68
47.00,-127.26
49.00,-85.30
51.00,2.59
53.00,29.97
55.00,-177.02
55.00,-176.79
62.00,-25.90
63.00,-148.39
64.00,-50.72
66.00,-35.24
74.00,49.06
79.00,-5.21
83.00,8.92
87.00,-29.30
92.00,-4.51
95.00,-10.67
104.00,-10.47
107.00,17.52
110.00,-10.84
114.00,-7.47
115.00,-34.86
116.00,51.69
117.00,42.98
118.00,-22.53
120.00,126.42
121.00,-48.84
124.00,21.09
125.00,-17.36
126.00,56.80
139.00,53.52
142.00,16.19
148.00,91.35
149.00,-175.18
150.00,-63.42
151.00,-32.01
155.00,-20.26
156.00,-40.88
157.00,30.85
158.00,-31.13
159.00,6.95
160.00,-66.04
161.00,65.54
162.00,-46.15
164.00,45.52
167.00,-130.91
168.00,17.29
169.00,10.03
170.00,-77.10
172.00,-36.67
174.00,11.73
175.00,1.71
176.00,-19.97
180.00,41.21
181.00,29.96
182.00,18.49
184.00,-14.07
185.00,61.41
186.00,-22.76
187.00,1.61
190.00,-34.72
191.00,4.32
193.00,128.34
194.00,90.07
202.00,22.32
203.00,-14.76
204.00,-66.42
206.00,-260.44
207.00,-1.04
208.00,65.23
209.00,6.37
210.00,-46.00
213.00,99.95
214.00,71.41
215.00,-11.57
216.00,2.24
224.00,167.56
227.00,-59.56
228.00,4.78
230.00,-79.78
231.00,-52.38
234.00,67.36
235.00,-1.17
244.00,25.69
246.00,-140.77
247.00,-76.80
251.00,-39.32
252.00,122.00
256.00,95.65
262.00,75.92
263.00,-34.41
269.00,67.58
272.00,137.96
273.00,56.60
274.00,-6.16
277.00,10.24
281.00,-13.67
282.00,-103.91
283.00,13.94
285.00,11.06
287.00,25.76
288.00,34.11
289.00,14.15
292.00,-39.19
294.00,-23.11
295.00,-113.26
298.00,-39.58
299.00,-4.35
302.00,-51.11
303.00,6.27
305.00,-14.80
314.00,67.87
328.00,43.94
333.00,23.97
334.00,33.62
343.00,29.04
349.00,25.60
351.00,-152.20
353.00,-7.70
356.00,29.15
360.00,-45.32
362.00,92.80
364.00,24.94
365.00,-30.08
366.00,-4.53
369.00,-10.90
370.00,-19.92
372.00,30.32
375.00,73.75
376.00,-97.01
377.00,-72.89
378.00,6.89
380.00,107.36
381.00,9.16
385.00,159.47
387.00,-22.97
388.00,-58.86
393.00,-108.88
397.00,52.10
399.00,32.19
402.00,24.39
405.00,-114.06
406.00,6.95
407.00,81.18
408.00,-121.92
409.00,-6.02
410.00,84.94
412.00,-1.27
415.00,20.27
418.00,-20.39
419.00,-7.61
429.00,-78.51
435.00,53.47
438.00,-32.08
444.00,-3.39
445.00,-11.77
446.00,-15.41
447.00,-171.91
448.00,-148.54
450.00,-33.94
451.00,-212.41
452.00,20.77
453.00,122.29
456.00,47.88
459.00,100.61
460.00,-15.70
461.00,-56.86
464.00,224.00
465.00,-29.99
466.00,-131.11
467.00,13.10
474.00,134.81
479.00,57.75
480.00,-26.81
482.00,-3.16
485.00,-49.36
486.00,35.56
487.00,44.18
492.00,-80.07
495.00,0.82
496.00,-23.16
499.00,-62.31
500.00,-257.11
501.00,-2.36
506.00,-119.98
508.00,27.22
519.00,-74.73
522.00,50.50
524.00,24.88
526.00,44.49
527.00,27.44
531.00,55.69
535.00,41.19
536.00,-57.04
541.00,-49.50
543.00,30.61
544.00,5.30
545.00,-88.18
551.00,46.14
556.00,36.65
557.00,-8.69
561.00,-178.90
568.00,44.71
570.00,-67.65
571.00,-67.93
572.00,13.70
577.00,37.52
583.00,57.42
585.00,-87.38
587.00,-0.00
589.00,102.16
590.00,34.98
592.00,19.21
593.00,56.83
594.00,-160.60
595.00,-71.58
597.00,14.94
610.00,15.33
614.00,111.56
616.00,-105.36
618.00,-9.10
619.00,0.60
628.00,12.47
633.00,-76.27
636.00,8.88
646.00,88.40
647.00,72.08
648.00,61.01
650.00,-55.31
651.00,7.39
652.00,-9.47
654.00,-70.28
655.00,7.21
657.00,-37.12
662.00,-31.62
670.00,-26.19
671.00,91.71
672.00,31.62
675.00,54.74
676.00,63.27
678.00,-7.66
680.00,80.89
681.00,-35.91
682.00,-23.28
684.00,3.69
685.00,6.55
686.00,33.92
687.00,-61.91
688.00,0.23
689.00,25.55
691.00,-156.21
692.00,8.80
693.00,-6.36
694.00,23.09
696.00,40.19
697.00,61.66
698.00,-60.12
699.00,33.79
700.00,145.78
701.00,93.19
704.00,-18.69
712.00,47.14
715.00,75.46
717.00,-13.03
720.00,5.75
724.00,164.42
725.00,-30.69
727.00,72.57
729.00,-7.35
730.00,-45.45
731.00,-29.53
733.00,61.98
734.00,15.92
738.00,-54.39
741.00,-77.41
742.00,-58.81
746.00,35.59
747.00,-50.98
748.00,59.72
749.00,41.74
751.00,-63.99
755.00,38.37
756.00,83.82
759.00,169.25
763.00,56.95
764.00,66.52
765.00,31.01
766.00,19.58
767.00,37.50
768.00,155.96
769.00,2.57
772.00,-6.48
774.00,-89.90
785.00,-3.29
801.00,163.95
805.00,-88.45
806.00,139.06
807.00,-132.89
812.00,0.83
813.00,71.77
814.00,-85.02
815.00,51.98
822.00,13.24
824.00,11.62
825.00,130.69
830.00,47.15
832.00,-26.39
837.00,-38.12
840.00,-52.97
841.00,41.84
842.00,-25.95
850.00,38.51
851.00,-35.05
853.00,16.20
854.00,-8.65
855.00,84.96
858.00,68.47
859.00,72.94
860.00,-14.33
863.00,-70.58
864.00,114.22
876.00,8.94
879.00,-17.40
883.00,125.96
886.00,-98.60
892.00,166.94
896.00,26.19
898.00,-52.24
910.00,6.76
911.00,-42.85
913.00,-8.13
913.00,-59.73
917.00,30.63
919.00,33.15
921.00,55.46
922.00,-29.70
923.00,21.57
924.00,98.54
925.00,-183.15
926.00,-25.71
928.00,11.92
929.00,-45.76
934.00,-4.45
937.00,40.83
939.00,-181.50
940.00,-70.03
942.00,-2.99
946.00,-99.61
948.00,-92.49
949.00,-4.91
950.00,43.11
951.00,14.33
952.00,-6.78
953.00,114.56
960.00,30.40
962.00,18.47
963.00,23.19
964.00,101.58
967.00,244.17
971.00,96.89
973.00,145.14
976.00,57.14
977.00,2.08
981.00,42.12
982.00,74.00
985.00,38.56
986.00,120.87
988.00,100.00
990.00,23.23
994.00,-144.70
1000.00,-71.69
1001.00,-15.26
1004.00,-70.22
1006.00,-109.79
1007.00,-25.71
1008.00,29.62
1010.00,-17.19
1013.00,-15.11
1014.00,-70.48
1015.00,-106.30
1016.00,94.82
1017.00,-60.10
1018.00,-43.77
1021.00,-113.65
1024.00,-107.09
1026.00,22.81
1027.00,-51.06
1033.00,-65.57
1034.00,-27.58
1036.00,-37.49
1038.00,-208.06
1039.00,-54.09
1040.00,-65.82
1043.00,-5.09
1049.00,-41.30
1054.00,-70.15
1058.00,-15.12
1059.00,-28.01
1066.00,-125.92
1076.00,45.66
1082.00,-16.03
1085.00,-58.42
1086.00,-18.28
1087.00,-60.73
1090.00,-65.60
1093.00,-4.48
1095.00,27.53
1100.00,14.54
1101.00,58.34
1102.00,-90.56
1104.00,-107.53
1105.00,8.51
1108.00,38.17
1109.00,-135.04
1112.00,-97.02
1116.00,121.01
1118.00,92.33
1119.00,-11.32
1121.00,73.14
1122.00,-27.62
1128.00,-9.77
1129.00,-64.43
1132.00,-65.14
1133.00,71.32
1135.00,66.48
1136.00,-6.63
1137.00,10.37
1139.00,26.79
1140.00,1.79
1143.00,0.08
1144.00,55.84
1145.00,20.59
1146.00,20.59
1148.00,25.88
1157.00,54.55
1159.00,-55.39
1162.00,-66.35
1165.00,23.88
1177.00,-25.06
1180.00,-147.17
1186.00,-220.58
1187.00,25.88
1188.00,-14.39
1192.00,-58.67
1195.00,-66.07
1198.00,-19.29
1204.00,-88.50
1205.00,-23.29
1206.00,42.82
1208.00,-57.55
1213.00,-8.10
1214.00,19.78
1217.00,-14.12
1218.00,7.74
1220.00,-81.86
1223.00,-15.63
1224.00,-74.95
1226.00,-55.96
1228.00,11.76
1229.00,-7.18
1230.00,32.42
1232.00,-124.91
1233.00,63.55
1234.00,-21.14
1236.00,22.28
1237.00,35.63
1240.00,105.63
1242.00,39.18
1243.00,78.83
1244.00,78.89
1245.00,-99.51
1246.00,36.47
1247.00,71.44
1249.00,-116.38
1250.00,-35.68
1252.00,17.30
1253.00,-31.13
1254.00,62.54
1255.00,33.42
1260.00,20.28
1261.00,-21.69
1264.00,51.90
1265.00,-6.53
1275.00,-20.00
1294.00,-224.33
1297.00,-18.56
1298.00,-22.84
1304.00,42.14
1306.00,50.45
1310.00,-60.16
1313.00,-26.11
1315.00,-83.97
1318.00,-43.13
1332.00,-32.07
1333.00,-25.33
1334.00,-217.80
1336.00,-24.61
1338.00,58.03
1339.00,4.59
1341.00,10.38
1342.00,-37.76
1348.00,37.13
1350.00,-18.09
1355.00,-52.01
1356.00,-14.88
1366.00,32.89
1370.00,64.83
1371.00,24.69
1373.00,-108.66
1377.00,-2.24
1380.00,12.04
1382.00,-42.06
1389.00,70.78
1395.00,-4.19
1396.00,27.92
1398.00,-42.85
1410.00,55.24
1417.00,-82.88
1421.00,66.68
1431.00,-13.43
1432.00,7.65
1440.00,-115.95
1441.00,-29.69
1445.00,117.95
1451.00,-75.18
1452.00,-66.60
1455.00,-33.79
1470.00,-26.36
1472.00,70.25
1478.00,39.43
1481.00,27.36
1482.00,-79.72
1488.00,-43.02
1491.00,7.05
1493.00,94.65
1494.00,16.23
1504.00,-62.17
1505.00,30.48
1506.00,-13.84
1510.00,-122.60
1511.00,-146.07
1513.00,12.18
1515.00,-26.56
1518.00,-37.37
1521.00,-41.50
1523.00,-3.71
1525.00,-31.00
1526.00,-6.10
1535.00,12.98
1536.00,0.85
1537.00,63.59
1538.00,-64.47
1546.00,20.54
1547.00,-20.07
1549.00,33.74
1550.00,20.42
1551.00,15.93
1556.00,-73.51
1558.00,3.68
1559.00,-31.97
1560.00,24.84
1562.00,53.60
1566.00,-54.76
1568.00,1.45
1570.00,50.32
1571.00,-85.04
1572.00,24.40
1575.00,37.80
1576.00,-5.88
1577.00,2.73
1582.00,26.05
1600.00,45.09
1618.00,-21.51
1619.00,21.88
1619.00,12.20
1905.00,48.17
1909.00,172.07
1910.00,36.65
1911.00,99.68
1912.00,75.70
1916.00,-17.31
1919.00,-96.95
1922.00,-32.14
1924.00,209.24
1926.00,43.22
1936.00,136.65
2051.00,62.27
2052.00,-42.97
2057.00,14.93
2059.00,-26.45
2066.00,29.60
2068.00,39.79
2071.00,241.41
2072.00,166.60
2194.00,91.37
2203.00,-24.30
2204.00,-107.08
2205.00,10.34
2209.00,-33.76
2210.00,16.13
2211.00,-98.96
2212.00,-21.30
2213.00,-38.44
2215.00,25.12
2217.00,59.92
2218.00,29.96
2221.00,154.38
2222.00,41.35
2223.00,-20.84
2224.00,9.63
2225.00,-13.64
2226.00,57.94
2227.00,71.72
2230.00,1.88
2231.00,47.30
2232.00,5.36
2233.00,6.93
2236.00,3.25
2237.00,-33.50
2240.00,-14.95
2241.00,4.20
2244.00,-10.65
2266.00,205.90
2267.00,119.00
2270.00,-128.53
2272.00,-65.75
2278.00,251.33
2281.00,-10.15
2282.00,105.38
2290.00,35.99
2291.00,-113.58
2292.00,61.74
2294.00,2.30
2297.00,42.74
2299.00,-33.77
2300.00,48.98
2301.00,3.53
2303.00,-15.80
2304.00,-18.21
2307.00,13.87
2310.00,52.19
2317.00,-4.54
2319.00,39.51
2321.00,-28.59
2322.00,-135.15
2323.00,91.83
2333.00,-18.43
2351.00,154.45
2357.00,39.46
2359.00,-98.33
2377.00,-47.18
2416.00,-164.95
2426.00,43.16
2427.00,-135.11
2428.00,-37.72
2430.00,-74.74
2431.00,-40.30
2433.00,-112.30
2434.00,-81.55
2435.00,150.20
2441.00,-48.75
2443.00,46.14
2444.00,64.13
2445.00,22.13
2446.00,5.72
2447.00,12.71
2448.00,91.43
2450.00,-85.97
2452.00,121.42
2454.00,221.07
2455.00,7.09
2456.00,82.14
2460.00,-35.10
2461.00,8.00
2463.00,-30.85
2464.00,32.79
2466.00,-52.74
2469.00,-15.69
2472.00,-7.14
2474.00,60.48
2476.00,43.54
2477.00,21.85
2479.00,23.83
2481.00,9.48
2484.00,-13.53
2487.00,146.83
2489.00,2.82
2490.00,3.04
2491.00,-12.83
2501.00,-183.99
2502.00,45.76
2504.00,-59.92
2506.00,-80.10
2508.00,-60.34
2512.00,-116.60
2515.00,37.83
2516.00,65.41
2517.00,49.13
2549.00,37.79
2550.00,128.86
2556.00,-14.38
2740.00,-91.92
2743.00,12.27
2753.00,82.85
2757.00,207.12
2760.00,59.98
2762.00,-2.22
2764.00,-65.72
2765.00,-29.92
2766.00,-3.94
2767.00,18.30
2769.00,-11.81
2770.00,37.21
2771.00,-11.25
2772.00,40.18
2773.00,-66.31
2774.00,7.28
2783.00,-19.39
2790.00,75.37
2792.00,83.20
2794.00,30.30
2795.00,-53.52
2799.00,12.83
2800.00,-53.11
2802.00,15.79
2805.00,-19.18
2807.00,-80.41
2814.00,8.76
2817.00,0.85
2824.00,42.85
2827.00,7.34
2829.00,-39.58
2831.00,4.90
2832.00,19.15
2840.00,-77.42
2843.00,25.01
2858.00,103.42
2862.00,-96.82
2863.00,28.77
2864.00,12.85
2865.00,83.95
2871.00,42.97
2872.00,-24.39
2873.00,-36.55
2875.00,-55.61
2876.00,54.66
2890.00,-3.29
2894.00,38.01
2895.00,-21.60
2896.00,18.88
2900.00,63.59
2901.00,-176.98
2902.00,20.11
2903.00,79.78
2904.00,62.71
2907.00,-5.77
2908.00,-8.77
2911.00,61.16
2913.00,-39.29
2915.00,-5.39
2916.00,-0.51
2917.00,-47.22
2920.00,-87.38
2921.00,-9.61
2923.00,-48.14
2958.00,-137.37
2969.00,-99.17
2990.00,-30.82
3030.00,-38.65
3032.00,7.97
3036.00,-69.60
3037.00,-71.69
3042.00,8.21
3043.00,-92.32
3044.00,-32.39
3049.00,27.29
3052.00,145.69
3053.00,105.97
3060.00,-64.57
3062.00,22.72
3065.00,-179.05
3068.00,82.18
3071.00,-37.92
3076.00,3.34
3077.00,85.08
3078.00,33.27
3079.00,164.81
3080.00,-32.72
3083.00,-55.13
3125.00,52.83
3126.00,-54.59
3127.00,-1.31
3129.00,26.11
3134.00,56.35
3137.00,115.87
3138.00,22.29
3145.00,-185.62
3155.00,-5.11
3163.00,-26.77
3178.00,-102.89
3194.00,174.28
3213.00,-287.91
3215.00,137.18
3216.00,59.19
3217.00,24.76
3219.00,-61.87
3220.00,-1.17
3223.00,18.07
3225.00,14.81
3228.00,158.42
3229.00,79.97
3234.00,-80.21
3237.00,107.57
3239.00,-40.23
3246.00,-49.43
3274.00,-8.90
3275.00,-60.63
3276.00,42.57
3277.00,25.39
3350.00,54.21
3374.00,-57.97
3377.00,-119.50
3403.00,48.87
3409.00,202.50
3420.00,18.28
3424.00,-22.32
3425.00,-179.64
3431.00,54.72
3441.00,11.24
3449.00,100.43
3450.00,-97.85
3452.00,87.00
3453.00,-71.20
3456.00,112.08
3458.00,26.12
3461.00,41.48
3466.00,58.45
3470.00,-50.80
3473.00,174.33
3476.00,225.22
3481.00,164.19
3487.00,92.11
3489.00,-64.31
3575.00,176.98
3579.00,151.95
3582.00,112.87
3583.00,213.21
3587.00,-2.98
3588.00,30.95
3590.00,-38.24
3627.00,76.55
3631.00,22.88
3632.00,3.09
3633.00,30.46
3635.00,-22.93
3657.00,30.15
3670.00,-40.42
3677.00,-6.08
3679.00,126.36
3680.00,41.01
3684.00,-30.47
3688.00,80.09
3697.00,48.82
3699.00,62.61
3701.00,28.12
3721.00,36.90
3722.00,-22.35
3746.00,-90.52
3780.00,127.70
3781.00,4.46
3823.00,61.81
3846.00,10.27
3847.00,36.98
3849.00,64.58
3850.00,132.04
3851.00,-4.16
3853.00,71.16
3863.00,93.30
3897.00,53.34
3936.00,17.89
3939.00,-12.13
3949.00,-1.45
3950.00,95.59
3952.00,122.41
3954.00,5.92
3955.00,57.50
3956.00,-140.22
3958.00,-25.01
3961.00,4.40
3962.00,60.95
3963.00,-56.40
3965.00,40.76
3967.00,-31.93
3969.00,-22.12
3971.00,61.31
3973.00,-19.27
3975.00,-7.31
3983.00,-19.78
3984.00,-9.56
3986.00,86.91
3988.00,116.12
3990.00,99.02
4028.00,65.39
4072.00,-69.26
4076.00,-267.30
4106.00,134.05
4165.00,122.69
4166.00,11.29
4167.00,35.94
4173.00,2.44
4174.00,-58.93
4176.00,63.11
4177.00,18.32
4183.00,-22.48
4184.00,55.32
4188.00,49.67
4189.00,13.99
4190.00,-55.95
4192.00,32.98
4195.00,-11.68
4196.00,24.99
4197.00,-21.86
4200.00,-93.53
4202.00,144.49
4204.00,3.18
4205.00,-19.87
4208.00,50.44
4214.00,-122.26
4216.00,-89.25
4217.00,-54.78
4218.00,-93.15
4219.00,1.00
4221.00,-84.60
4224.00,-9.42
4225.00,108.10
4226.00,99.63
4227.00,52.57
4228.00,-2.43
4229.00,-145.15
4232.00,8.78
4237.00,42.88
4241.00,-25.71
4249.00,-1.36
4253.00,-55.23
4254.00,25.41
4255.00,89.37
4258.00,-2.83
4259.00,16.29
4260.00,-44.45
4261.00,-9.16
4262.00,1.11
4263.00,33.39
4264.00,-29.61
4265.00,106.77
4266.00,-85.18
4267.00,-20.23
4268.00,-95.99
4281.00,-35.84
4282.00,-0.16
4288.00,-46.33
4298.00,61.31
4303.00,12.10
4304.00,-5.57
4307.00,75.08
4308.00,-10.63
4309.00,-21.90
4311.00,34.33
4312.00,19.16
4313.00,-58.19
4320.00,25.57
4321.00,64.21
4323.00,-22.66
4326.00,-98.15
4327.00,-46.30
4329.00,26.41
4331.00,76.28
4332.00,-66.33
4334.00,22.63
4335.00,-6.73
4336.00,31.18
4337.00,36.37
4341.00,-61.16
4342.00,111.35
4343.00,-148.10
4345.00,-109.38
4346.00,-25.99
4351.00,-31.10
4353.00,-31.26
4354.00,-57.73
4355.00,-75.37
4357.00,-168.79
4359.00,207.09
4362.00,28.98
4367.00,85.98
4368.00,34.23
4369.00,-45.38
4372.00,121.97
4372.00,-34.38
4373.00,-5.55
4375.00,35.25
4379.00,269.45
4380.00,4.53
4384.00,87.93
4389.00,30.94
4392.00,-15.19
4395.00,258.28
4398.00,19.97
4400.00,30.89
4401.00,-130.69
4402.00,-24.65
4405.00,-174.75
4412.00,-31.18
4413.00,-77.40
4419.00,-25.00
4421.00,-51.60
4422.00,-32.19
4424.00,-35.81
4425.00,28.95
4432.00,49.53
4433.00,312.00
4436.00,-80.52
4438.00,-103.32
4440.00,-19.31
4442.00,-18.45
4443.00,-11.65
4444.00,-2.44
4445.00,24.77
4446.00,72.02
4447.00,7.34
4448.00,43.35
4449.00,-87.76
4451.00,-7.40
4452.00,-5.19
4453.00,-6.17
4454.00,32.91
4455.00,24.03
4456.00,102.58
4458.00,-16.69
4459.00,-27.24
4460.00,5.95
4463.00,66.87
4465.00,59.12
4466.00,-3.12
4467.00,-48.90
4468.00,14.93
4470.00,8.92
4471.00,-26.59
4473.00,-3.63
4475.00,-52.28
4476.00,-15.01
4477.00,-29.73
4484.00,-129.90
4485.00,17.40
4487.00,3.97
4488.00,42.74
4489.00,15.00
4490.00,2.03
4491.00,-52.87
4492.00,44.79
4495.00,19.88
4499.00,17.47
4500.00,10.27
4501.00,-0.74
4502.00,-57.10
4508.00,22.70
4509.00,4.63
4510.00,1.55
4511.00,59.38
4513.00,15.38
4515.00,-77.21
4518.00,-85.87
4519.00,-82.90
4525.00,37.35
4528.00,-52.99
4529.00,86.45
4531.00,-17.82
4532.00,-24.94
4533.00,1.49
4534.00,-23.16
4539.00,-97.58
4540.00,-33.85
4541.00,-39.93
4543.00,92.31
4544.00,4.27
4546.00,-101.89
4550.00,65.86
4555.00,141.97
4556.00,-98.57
4561.00,86.47
4562.00,32.84
4568.00,224.27
4569.00,-28.33
4571.00,93.01
4575.00,3.12
4576.00,25.97
4577.00,72.74
4578.00,49.68
4579.00,-25.71
4580.00,-20.00
4581.00,-11.14
4582.00,-13.44
4583.00,-39.14
4584.00,27.30
4585.00,-54.60
4586.00,-86.52
4589.00,-37.53
4591.00,-47.68
4592.00,71.83
4593.00,26.25
4595.00,42.27
4596.00,-15.46
4598.00,65.56
4600.00,-13.60
4601.00,2.14
4602.00,90.32
4604.00,50.17
4605.00,-25.03
4607.00,5.38
4608.00,-48.39
4610.00,61.41
4631.00,-52.45
4634.00,-6.64
4635.00,60.00
4636.00,-27.88
4638.00,94.51
4643.00,-20.23
4644.00,285.05
4651.00,-68.62
4652.00,-84.95
4654.00,-40.08
4670.00,64.05
4677.00,73.43
4686.00,68.36
4708.00,-27.74
4715.00,-103.40
4737.00,55.74
4742.00,-28.43
4815.00,-25.59
4850.00,54.86
4859.00,-57.32
4870.00,113.46
4873.00,-19.25
4877.00,116.10
4878.00,-61.07
4880.00,8.26
4890.00,70.15
4892.00,-29.34
4893.00,59.15
4895.00,34.07
4900.00,16.65
4936.00,-28.68
4941.00,-53.02
4945.00,-4.02
4946.00,-81.62
4949.00,-54.84
4954.00,322.83
4960.00,94.74
4964.00,375.00
4967.00,28.01
4968.00,-20.53
4969.00,84.38
4970.00,-97.62
4977.00,8.45
4978.00,2.49
4985.00,28.99
4994.00,-20.05
4995.00,-20.00
4996.00,-25.71
4997.00,-25.71
5023.00,-32.98
5025.00,100.52
5029.00,-24.42
5030.00,194.29
5069.00,59.38
5070.00,-94.41
5071.00,89.83
5072.00,-53.31
5074.00,52.70
5075.00,11.54
5077.00,11.82
5079.00,155.56
5080.00,57.91
5081.00,-87.42
5082.00,-97.61
5084.00,8.21
5091.00,46.45
5092.00,-266.92
5096.00,24.86
5101.00,-70.44
5109.00,9.95
5112.00,-13.14
5113.00,-88.43
5114.00,-11.22
5119.00,-21.95
5124.00,62.51
5129.00,-71.86
5132.00,47.19
5133.00,-19.53
5134.00,-53.17
5136.00,-11.17
5138.00,132.18
5141.00,2.85
5147.00,109.50
5148.00,38.88
5150.00,135.93
5151.00,-63.62
5153.00,-6.99
5161.00,124.67
5162.00,-86.57
5170.00,55.17
5174.00,77.09
5175.00,-8.29
5177.00,-110.12
5190.00,219.37
5192.00,60.22
5193.00,-26.84
5195.00,-3.49
5199.00,-46.09
5203.00,40.37
5206.00,13.08
5207.00,167.37
5208.00,-5.32
5215.00,-20.00
5217.00,71.08
5221.00,231.64
5222.00,-70.12
5223.00,28.43
5227.00,-61.87
5235.00,96.35
5237.00,-8.38
5243.00,-102.15
5244.00,-67.84
5245.00,15.17
5248.00,-42.21
5249.00,95.72
5260.00,351.09
5261.00,108.57
5265.00,-27.15
5268.00,26.70
5276.00,58.19
5279.00,82.54
5281.00,-123.17
5293.00,-2.45
5384.00,30.36
5387.00,24.11
5441.00,152.45
5457.00,146.71
5458.00,249.71
5459.00,-78.14
5467.00,48.58
5473.00,-10.77
5499.00,15.37
5500.00,51.20
5501.00,-115.80
5505.00,-31.24
5510.00,16.88
5511.00,92.57
5512.00,-93.77
5513.00,-16.11
5514.00,-40.87
5520.00,171.86
5522.00,-3.16
5523.00,-22.15
5525.00,43.62
5526.00,59.65
5530.00,-4.03
5531.00,-159.98
5534.00,-158.84
5537.00,-57.50
5544.00,12.62
5546.00,1.63
5547.00,77.90
5548.00,-72.34
5549.00,99.27
5551.00,9.39
5552.00,-146.97
5553.00,-75.72
5555.00,-21.82
5558.00,-1.58
5562.00,-120.74
5563.00,49.38
5565.00,50.72
5566.00,-393.05
5567.00,-35.58
5569.00,27.79
5570.00,-124.72
5571.00,-282.74
5572.00,62.94
5574.00,-7.84
5580.00,1.07
5582.00,-73.06
5583.00,-51.66
5584.00,8.30
5585.00,-19.04
5586.00,-59.43
5587.00,19.82
5588.00,152.64
5591.00,34.12
5595.00,100.44
5596.00,146.69
5598.00,31.00
5599.00,-11.24
5600.00,-159.36
5601.00,122.72
5602.00,79.48
5606.00,-125.40
5607.00,-20.06
5609.00,-87.74
5612.00,241.36
5613.00,-74.51
5614.00,-88.95
5615.00,-16.22
5616.00,30.32
5617.00,-94.98
5618.00,-9.04
5620.00,-57.62
5621.00,38.66
5622.00,58.86
5626.00,36.23
5633.00,78.19
5634.00,-107.62
5635.00,132.47
5636.00,36.57
5638.00,44.72
5640.00,-1.58
5641.00,-47.71
5643.00,-35.81
5644.00,-42.53
5646.00,123.79
5648.00,28.30
5650.00,39.18
5652.00,-94.92
5653.00,-1.47
5654.00,8.74
5655.00,77.95
5656.00,-34.11
5657.00,-35.48
5662.00,-8.78
5663.00,-118.08
5664.00,3.45
5668.00,-33.02
5669.00,2.74
5670.00,-0.43
5673.00,-35.84
5674.00,-57.41
5676.00,-23.18
5677.00,-77.98
5679.00,-36.51
5681.00,4.53
5682.00,-114.26
5683.00,-3.09
5684.00,-45.91
5686.00,76.58
5687.00,-99.81
5688.00,-121.33
5692.00,-18.21
5693.00,-105.36
5696.00,-27.97
5697.00,-28.72
5699.00,31.95
5700.00,-4.82
5701.00,45.44
5702.00,21.85
5703.00,-10.73
5704.00,-9.04
5705.00,-97.07
5706.00,-25.23
5708.00,-24.18
5709.00,43.16
5710.00,-28.49
5711.00,38.02
5712.00,-48.49
5713.00,32.80
5714.00,-12.76
5715.00,77.85
5716.00,-8.68
5718.00,21.15
5719.00,52.08
5720.00,-86.68
5721.00,32.84
5722.00,11.73
5723.00,-25.55
5724.00,-79.21
5725.00,-92.07
5726.00,-49.66
5727.00,-68.97
5728.00,-81.26
5729.00,-61.29
5730.00,-107.12
5731.00,-3.83
5732.00,-35.25
5734.00,31.57
5735.00,21.79
5737.00,-237.61
5739.00,-79.98
5740.00,-31.64
5741.00,-31.07
5742.00,32.50
5743.00,-11.06
5748.00,99.91
5749.00,48.43
5750.00,51.09
5751.00,123.08
5751.00,-58.81
5753.00,-99.43
5754.00,-17.06
5755.00,-21.34
5756.00,88.17
5758.00,0.89
5759.00,13.04
5760.00,-12.65
5761.00,-11.20
5762.00,-82.90
5766.00,-42.97
5767.00,138.54
5768.00,88.08
5770.00,-14.21
5775.00,-97.89
5780.00,-26.38
5781.00,-85.38
5782.00,20.03
5783.00,-25.44
5785.00,-18.55
5790.00,-117.49
5792.00,41.28
5793.00,41.83
5794.00,74.83
5795.00,-69.46
5797.00,44.99
5799.00,-48.52
5804.00,-17.85
5805.00,-44.98
5806.00,-12.01
5807.00,14.25
5808.00,-22.85
5809.00,-69.80
5811.00,-11.59
5812.00,6.93
5814.00,46.65
5818.00,90.03
5820.00,6.54
5821.00,46.54
5826.00,11.65
5829.00,145.91
5831.00,90.18
5868.00,8.34
5873.00,80.20
5883.00,53.36
5886.00,68.97
5892.00,-17.37
5895.00,95.30
5951.00,-38.83
5990.00,19.96
5992.00,-25.71
5993.00,-25.71
5995.00,-25.71
6019.00,19.80
6027.00,96.11
6028.00,44.42
6031.00,-59.81
6033.00,58.67
6038.00,2.79
6039.00,142.53
6041.00,-12.74
6044.00,12.88
6056.00,18.55
6057.00,75.07
6058.00,-16.73
6062.00,54.73
6066.00,1.17
6067.00,15.94
6071.00,14.75
6078.00,-27.67
6080.00,50.83
6082.00,97.00
6083.00,24.35
6087.00,-2.33
6088.00,-100.47
6089.00,-40.91
6090.00,94.31
6093.00,70.01
6122.00,58.48
6123.00,125.06
6124.00,21.57
6138.00,-25.51
6138.00,-50.27
6141.00,-0.58
6142.00,-288.83
6145.00,48.52
6146.00,-47.93
6187.00,143.62
6194.00,109.26
6197.00,-19.57
6199.00,-1.48
6202.00,6.01
6205.00,-8.16
6208.00,11.73
6209.00,35.09
6213.00,61.07
6214.00,-47.10
6215.00,-80.21
6216.00,109.70
6217.00,55.08
6219.00,56.95
6230.00,57.91
6233.00,-13.97
6234.00,174.57
6235.00,150.91
6237.00,178.70
6244.00,-88.31
6246.00,33.84
6251.00,-37.89
6252.00,12.80
6254.00,10.55
6256.00,-182.55
6262.00,54.11
6263.00,17.57
6266.00,273.29
6272.00,5.11
6273.00,80.79
6279.00,-43.40
6280.00,83.77
6280.00,18.69
6281.00,-24.67
6284.00,-72.62
6285.00,-196.71
6287.00,58.40
6289.00,63.91
6291.00,-22.73
6297.00,-30.20
6299.00,-8.25
6300.00,18.46
6303.00,7.59
6304.00,35.22
6305.00,10.72
6306.00,83.07
6307.00,449.87
6308.00,-9.04
6311.00,-64.02
6312.00,25.10
6317.00,23.67
6320.00,-34.60
6327.00,60.98
6328.00,45.81
6331.00,49.53
6333.00,50.58
6336.00,-11.39
6402.00,30.55
6422.00,-23.89
6423.00,91.37
6424.00,-78.10
6425.00,-112.46
6426.00,-96.21
6431.00,89.21
6432.00,23.28
6435.00,-40.09
6436.00,-43.51
6439.00,-20.68
6441.00,21.49
6442.00,-57.82
6443.00,-37.65
6444.00,53.35
6457.00,-72.78
6458.00,14.32
6476.00,46.57
6479.00,25.23
6480.00,19.11
6483.00,160.41
6487.00,-32.47
6489.00,-6.19
6490.00,53.22
6495.00,-0.91
6496.00,78.97
6501.00,57.44
6502.00,-36.92
6507.00,-114.50
6508.00,144.18
6512.00,-16.12
6513.00,81.38
6514.00,51.19
6518.00,-7.82
6519.00,27.18
6523.00,142.46
6524.00,-21.69
6531.00,-61.36
6532.00,64.32
6533.00,-7.53
6534.00,-30.62
6535.00,21.24
6537.00,-18.28
6538.00,1.90
6541.00,-100.73
6548.00,-52.25
6550.00,218.50
6551.00,109.11
6555.00,-60.43
6556.00,-161.47
6557.00,-116.71
6558.00,-24.46
6559.00,-88.22
6561.00,-136.75
6562.00,-158.03
6563.00,20.38
6568.00,-5.15
6569.00,61.84
6585.00,40.44
6586.00,-31.63
6587.00,-62.65
6588.00,-51.35
6589.00,-79.42
6590.00,-84.01
6591.00,123.29
6592.00,-39.23
6593.00,8.78
6595.00,-50.26
6596.00,-45.08
6597.00,-1.79
6598.00,-93.69
6602.00,25.89
6603.00,52.05
6604.00,99.59
6606.00,42.42
6607.00,41.66
6608.00,-11.09
6611.00,36.06
6612.00,74.96
6613.00,34.80
6614.00,32.52
6619.00,-66.74
6620.00,-30.62
6621.00,33.59
6622.00,21.82
6623.00,52.41
6626.00,-0.99
6627.00,41.06
6629.00,-45.26
6630.00,-26.35
6631.00,-23.81
6633.00,-82.35
6635.00,33.52
6636.00,-63.99
6639.00,-19.02
6643.00,-38.70
6651.00,-70.14
6655.00,-58.56
6656.00,103.20
6661.00,-13.66
6665.00,148.25
6666.00,84.55
6668.00,-162.79
6669.00,83.82
6677.00,62.27
6686.00,96.99
6703.00,-66.52
6709.00,5.94
6717.00,-128.88
6719.00,104.43
6720.00,-34.13
6739.00,32.21
6744.00,87.81
6756.00,-95.81
6760.00,-163.54
6764.00,-5.88
6765.00,-20.00
6766.00,-30.37
6772.00,32.35
6784.00,67.95
6794.00,31.33
6811.00,-40.12
6813.00,134.71
6820.00,-259.10
6830.00,-39.34
6835.00,-60.81
6839.00,-55.41
6841.00,98.62
6844.00,69.37
6850.00,10.18
6851.00,17.01
6860.00,-13.15
6878.00,-63.10
6879.00,-6.36
6885.00,29.85
6888.00,10.18
6889.00,-5.54
6890.00,3.78
6891.00,-4.90
6892.00,-65.09
6893.00,13.85
6896.00,4.55
6897.00,21.21
6899.00,-10.12
6900.00,9.35
6901.00,-54.04
6902.00,16.13
6903.00,-0.06
6904.00,9.56
6906.00,-86.27
6907.00,60.04
6909.00,19.80
6911.00,-14.94
6913.00,-75.67
6915.00,-75.26
6917.00,-105.95
6920.00,-8.58
6921.00,-78.01
6925.00,-34.85
6926.00,-36.39
6927.00,-65.49
6928.00,-31.08
6929.00,-174.07
6930.00,-47.86
6931.00,-22.71
6932.00,-37.20
6933.00,16.69
6935.00,50.03
6936.00,-0.35
6937.00,14.35
6938.00,-60.89
6939.00,-1.86
6940.00,8.05
6941.00,123.40
6942.00,-139.55
6943.00,64.12
6945.00,37.05
6946.00,-92.34
6947.00,-72.77
6948.00,-84.65
6949.00,-158.54
6951.00,-31.04
6952.00,-171.19
6954.00,-133.43
6955.00,-258.20
6956.00,27.24
6958.00,2.01
6959.00,299.81
6960.00,-140.30
6962.00,-100.28
6963.00,-40.36
6965.00,-55.18
6966.00,-74.62
6967.00,-342.35
6968.00,85.48
6970.00,13.27
6971.00,6.10
6972.00,-60.47
6974.00,-54.22
6975.00,-3.70
6976.00,-10.39
6977.00,-54.25
6978.00,34.48
6980.00,85.83
6982.00,139.76
6983.00,64.82
6985.00,-2.36
6986.00,62.29
6987.00,150.60
6988.00,91.98
6989.00,100.15
6990.00,109.75
6991.00,90.86
6992.00,30.89
6996.00,-17.67
6997.00,-87.61
7001.00,-395.60
7002.00,-15.10
7004.00,-46.38
7005.00,0.53
7006.00,-52.27
7007.00,-5.79
7008.00,-14.81
7011.00,303.48
7012.00,-22.99
7013.00,-46.17
7015.00,-16.52
7016.00,-42.13
7018.00,2.71
7020.00,-59.77
7021.00,19.34
7022.00,-14.88
7025.00,29.65
7026.00,96.47
7028.00,11.44
7029.00,-115.97
7030.00,11.56
7031.00,-33.84
7032.00,39.03
7033.00,106.82
7034.00,41.70
7035.00,-49.87
7036.00,57.51
7037.00,28.12
7039.00,11.07
7040.00,-88.42
7042.00,-14.03
7043.00,-103.62
7044.00,-91.72
7045.00,66.26
7046.00,-76.01
7048.00,1.65
7049.00,102.30
7050.00,95.91
7051.00,13.37
7053.00,8.44
7054.00,9.20
7055.00,15.82
7056.00,59.02
7057.00,18.99
7058.00,24.39
7059.00,91.35
7060.00,-62.93
7061.00,15.17
7062.00,0.27
7073.00,77.42
7074.00,75.27
7076.00,-57.74
7077.00,22.03
7078.00,48.55
7079.00,37.65
7080.00,-25.71
7081.00,-43.12
7082.00,-25.71
7083.00,-25.71
7084.00,-12.56
7085.00,22.86
7086.00,27.27
7087.00,10.21
7088.00,15.08
7090.00,53.91
7094.00,19.20
7095.00,-31.25
7096.00,-54.11
7097.00,112.03
7098.00,62.00
7102.00,81.76
7103.00,-94.43
7104.00,-68.05
7105.00,-9.98
7108.00,30.49
7110.00,10.08
7111.00,50.25
7114.00,-11.60
7116.00,42.17
7117.00,-41.10
7118.00,56.52
7119.00,-25.71
7122.00,-125.15
7123.00,48.64
7124.00,68.48
7126.00,-2.34
7127.00,181.78
7131.00,-16.60
7132.00,26.00
7133.00,-124.76
7134.00,-20.23
7136.00,-2.21
7137.00,-25.53
7138.00,-66.32
7140.00,-179.95
7141.00,-21.46
7143.00,12.63
7145.00,-0.77
7146.00,-25.03
7150.00,-177.50
7151.00,-80.17
7153.00,52.40
7154.00,141.13
7159.00,-112.09
7162.00,-119.87
7163.00,-0.21
7164.00,-61.88
7165.00,15.18
7167.00,-103.64
7168.00,-97.67
7169.00,-66.97
7170.00,-63.59
7171.00,-91.78
7172.00,-84.94
7173.00,-98.36
7174.00,-10.33
7177.00,70.38
7178.00,54.38
7179.00,-73.22
7182.00,-147.82
7183.00,177.68
7184.00,-8.43
7186.00,-34.46
7187.00,-0.85
7188.00,9.08
7190.00,-0.75
7192.00,23.49
7196.00,66.21
7199.00,5.71
7200.00,64.95
7201.00,83.21
7202.00,-20.00
7203.00,25.34
7204.00,14.34
7205.00,-25.71
7206.00,-30.07
7207.00,-99.95
7211.00,-48.19
7212.00,-94.28
7213.00,3.02
7215.00,31.11
7216.00,16.81
7217.00,156.88
7220.00,11.22
7223.00,-39.22
7224.00,92.87
7225.00,-46.32
7226.00,-59.48
7232.00,37.08
7233.00,71.38
7235.00,22.40
7236.00,51.56
7237.00,-99.78
7238.00,-14.37
7239.00,69.26
7444.00,31.65
7470.00,128.78
7471.00,-305.48
7521.00,-20.00
7522.00,-25.71
7523.00,-25.71
7524.00,-97.69
7543.00,-13.94
7548.00,-416.11
7553.00,-25.90
7554.00,-20.00
7555.00,-20.00
7556.00,-20.00
7557.00,-25.71
7558.00,-25.71
7564.00,124.06
7567.00,-79.29
7568.00,-25.08
7569.00,15.54
7586.00,75.52
7587.00,-103.82
7589.00,-90.08
7592.00,-104.40
7593.00,-132.49
7594.00,-34.32
7598.00,165.54
7599.00,63.53
7601.00,34.10
7604.00,45.57
7605.00,-35.91
7606.00,-21.28
7607.00,89.84
7609.00,27.09
7611.00,43.68
7613.00,-54.41
7614.00,195.03
7616.00,62.91
7617.00,-11.72
7620.00,-30.53
7624.00,-23.53
7626.00,-39.84
7627.00,-4.76
7629.00,-47.14
7630.00,60.92
7678.00,-81.26
7706.00,65.69
7710.00,53.17
7711.00,-93.55
7712.00,45.69
7713.00,-133.56
7715.00,31.16
7716.00,-53.62
7717.00,-0.63
7719.00,34.69
7720.00,14.85
7721.00,-58.48
7723.00,-194.42
7726.00,15.05
7727.00,-7.89
7728.00,254.72
7729.00,118.64
7735.00,19.04
7748.00,-8.71
7754.00,291.36
7756.00,-52.88
7757.00,63.96
7758.00,-150.48
7759.00,10.00
7760.00,64.86
7761.00,-7.74
7762.00,34.52
7763.00,22.86
7766.00,-146.98
7767.00,-165.53
7768.00,-38.91
7769.00,-60.20
7770.00,-73.21
7771.00,7.07
7772.00,-116.82
7774.00,-29.11
7775.00,18.77
7776.00,12.42
7777.00,130.20
7780.00,42.59
7781.00,34.74
7782.00,18.02
7788.00,80.13
7789.00,-10.34
7792.00,-25.77
7793.00,14.07
7794.00,91.82
7795.00,-20.00
7796.00,-20.00
7797.00,18.18
7798.00,-12.76
7799.00,21.09
7800.00,8.33
7802.00,190.48
7803.00,25.53
7804.00,223.64
7805.00,82.97
7807.00,69.07
7812.00,21.34
7813.00,29.16
7815.00,51.34
7817.00,67.59
7818.00,103.78
7819.00,-105.03
7820.00,-20.00
7822.00,-25.71
7823.00,-56.82
7824.00,-146.64
7825.00,11.33
7826.00,-68.37
7827.00,4.64
7828.00,153.34
7829.00,0.57
7830.00,-103.05
7831.00,-56.32
7832.00,141.76
7833.00,73.87
7834.00,-1.75
7836.00,57.62
7838.00,147.89
7839.00,58.80
7840.00,27.96
7841.00,-20.00
7842.00,-30.57
7844.00,59.58
7846.00,-44.54
7847.00,46.50
7848.00,-127.15
7852.00,54.09
7853.00,-15.60
7854.00,104.45
7855.00,54.96
7856.00,-78.63
7857.00,65.98
7858.00,25.86
7859.00,2.22
7860.00,-19.35
7861.00,61.90
7862.00,-20.00
7863.00,-71.52
7865.00,-46.64
7866.00,9.02
7868.00,-333.69
7869.00,-186.04
7871.00,-101.50
7872.00,-20.00
7873.00,-149.10
7874.00,41.33
7875.00,-132.25
7876.00,-179.28
7877.00,-106.53
7878.00,-155.47
7879.00,-51.27
7880.00,-136.37
7882.00,-136.96
7886.00,-65.56
7887.00,105.28
7888.00,-95.06
7889.00,-40.66
7891.00,-62.74
7892.00,11.64
7893.00,14.17
7895.00,51.87
7896.00,-124.87
7897.00,120.63
7899.00,-34.65
7900.00,21.95
7901.00,-40.35
7902.00,146.93
7903.00,46.19
7904.00,-64.93
7906.00,-65.42
7907.00,237.85
7909.00,58.08
7910.00,1.47
7911.00,-15.24
7912.00,-32.97
7914.00,-76.77
7915.00,-21.82
7916.00,-49.70
7917.00,59.14
7918.00,4.81
7919.00,98.82
7920.00,28.34
7921.00,9.89
7930.00,19.83
7932.00,-57.82
7935.00,-83.23
7936.00,4.82
7938.00,-50.88
7939.00,130.51
7940.00,-137.29
7941.00,-66.43
7943.00,22.36
7944.00,-44.38
7945.00,-164.70
7946.00,-28.32
7947.00,52.81
7948.00,-80.11
7949.00,17.84
7950.00,0.81
7951.00,68.76
7952.00,90.94
7953.00,-10.69
7956.00,-40.11
7957.00,-57.02
7958.00,47.22
7959.00,-32.26
7960.00,-102.53
7961.00,-0.79
7963.00,7.99
7964.00,-10.20
7965.00,14.61
7967.00,-45.78
7968.00,-41.22
7971.00,-87.14
7972.00,34.44
7973.00,-48.52
7974.00,-55.68
7975.00,-34.40
7976.00,-25.71
7977.00,-63.89
7980.00,42.99
7983.00,6.37
7985.00,-108.32
7986.00,-226.16
7987.00,-51.30
7988.00,-192.23
7989.00,103.61
7990.00,-139.85
7991.00,-31.94
7992.00,-121.57
7993.00,-179.88
7994.00,7.61
7995.00,13.07
7996.00,27.92
7997.00,-30.02
7998.00,-175.96
7999.00,-35.22
8000.00,110.05
8003.00,-216.80
8004.00,80.79
8005.00,-5.56
8006.00,86.72
8007.00,-26.87
8008.00,1.72
8009.00,-103.68
8014.00,45.26
8016.00,-21.81
8018.00,191.31
8019.00,22.57
8021.00,-67.33
8023.00,5.98
8024.00,111.96
8025.00,108.84
8027.00,-20.35
8028.00,-189.29
8029.00,-40.91
8032.00,21.97
8033.00,-25.71
8034.00,-70.57
8035.00,13.54
8036.00,-25.71
8037.00,-18.19
8038.00,-22.85
8039.00,38.78
8041.00,86.87
8042.00,-72.09
8046.00,40.49
8047.00,-133.63
8049.00,-32.79
8050.00,134.94
8051.00,-25.71
8052.00,-184.31
8053.00,53.91
8054.00,-51.98
8055.00,-30.18
8056.00,0.65
8057.00,-25.90
8058.00,-55.89
8060.00,-35.28
8061.00,1.18
8062.00,-23.81
8063.00,-10.52
8064.00,-66.50
8065.00,-106.63
8066.00,-64.29
8067.00,-87.97
8069.00,27.01
8074.00,-2.36
8075.00,-50.24
8076.00,-27.00
8077.00,63.30
8078.00,-4.01
8079.00,2.36
8081.00,305.87
8082.00,-7.69
8083.00,98.64
8084.00,112.70
8085.00,-66.82
8087.00,-62.76
8089.00,-159.68
8090.00,47.26
8091.00,106.79
8092.00,86.16
8093.00,68.32
8094.00,-48.89
8095.00,38.77
8096.00,63.99
8097.00,113.37
8098.00,-28.24
8099.00,152.67
8100.00,-39.58
8101.00,-19.75
8102.00,9.86
8103.00,-101.37
8105.00,102.71
8106.00,102.29
8107.00,52.65
8108.00,100.82
8109.00,-138.49
8110.00,89.76
8112.00,-57.51
8113.00,96.59
8118.00,35.37
8123.00,115.84
8124.00,-25.71
8125.00,-25.71
8126.00,-25.71
8127.00,-20.00
8146.00,111.40
8147.00,11.42
8148.00,-20.35
8149.00,-87.94
8150.00,64.04
8152.00,55.18
8153.00,109.58
8154.00,94.23
8155.00,18.64
8156.00,91.08
8157.00,-22.33
8158.00,-25.71
8159.00,-25.71
8160.00,-25.71
8161.00,-25.71
8162.00,-25.71
8177.00,241.75
8178.00,48.37
8179.00,-161.07
8180.00,139.06
8182.00,38.52
8256.00,-107.69
8257.00,38.39
8259.00,-38.73
8262.00,-152.99
8266.00,-40.25
8268.00,-25.87
8270.00,0.89
8294.00,109.41
8311.00,93.96
8317.00,-22.18
8319.00,-64.28
8344.00,87.67
8353.00,-177.15
8354.00,-73.76
8358.00,-25.71
8361.00,-84.69
8364.00,-7.25
8365.00,-20.00
8368.00,7.45
8373.00,-69.32
8374.00,85.53
8375.00,43.82
8376.00,-36.07
8377.00,-284.74
8378.00,14.47
8379.00,197.89
8381.00,-140.74
8382.00,-86.91
8404.00,179.79
8405.00,-104.59
8406.00,163.27
8408.00,-76.49
8409.00,-108.93
8415.00,133.26
8416.00,14.91
8433.00,-22.64
8437.00,2.85
8445.00,73.94
8446.00,114.42
8478.00,19.53
8479.00,-21.07
8480.00,-20.00
8481.00,51.10
8482.00,8.97
8484.00,-20.00
8486.00,50.82
8519.00,-26.05
8541.00,66.08
8542.00,50.23
8561.00,-93.11
8563.00,-109.30
8565.00,-153.42
8572.00,-5.37
8573.00,81.31
8575.00,-12.93
8576.00,48.19
8577.00,-178.08
8578.00,9.52
8580.00,11.45
8581.00,13.43
8582.00,-94.57
8583.00,54.63
8585.00,-19.08
8586.00,-68.08
8588.00,-68.35
8595.00,-60.15
8597.00,14.01
8600.00,115.86
8602.00,-25.71
8603.00,-20.00
8617.00,53.46
8618.00,-231.30
8619.00,-115.93
8620.00,-203.28
8621.00,97.38
8625.00,-100.55
8626.00,132.51
8628.00,35.58
8631.00,387.66
8632.00,194.92
8633.00,35.45
8635.00,-117.56
8638.00,-117.69
8639.00,242.56
8640.00,46.31
8641.00,-177.00
8642.00,105.68
8643.00,-18.94
8644.00,-178.14
8645.00,67.20
8646.00,-63.75
8647.00,-168.59
8648.00,-32.71
8649.00,-35.74
8651.00,57.52
8652.00,64.04
8654.00,-127.37
8655.00,-107.18
8656.00,-1.61
8657.00,-89.06
8658.00,-93.70
8659.00,-19.49
8660.00,6.26
8661.00,-91.89
8662.00,63.50
8664.00,-88.09
8665.00,10.77
8666.00,-120.46
8667.00,-7.37
8670.00,3.05
8671.00,16.37
8672.00,-105.38
8673.00,47.05
8674.00,23.17
8675.00,-66.79
8676.00,-47.63
8678.00,-67.74
8679.00,168.05
8680.00,12.77
8681.00,-21.46
8682.00,-67.48
8683.00,-87.93
8684.00,-26.81
8685.00,-108.02
8686.00,55.63
8687.00,50.90
8688.00,99.13
8689.00,41.45
8690.00,18.37
8691.00,34.84
8693.00,-26.58
8695.00,-49.17
8696.00,-27.23
8697.00,53.52
8698.00,-30.47
8699.00,171.86
8700.00,18.40
8701.00,-26.20
8702.00,35.78
8703.00,-33.86
8704.00,-107.73
8705.00,-117.33
8706.00,62.14
8707.00,-53.37
8708.00,55.17
8709.00,-29.95
8710.00,137.54
8711.00,-21.54
8713.00,-25.71
8714.00,-166.65
8715.00,-332.77
8716.00,-18.02
8717.00,-145.24
8719.00,-200.49
8720.00,-25.71
8721.00,-323.37
8722.00,-70.51
8723.00,-104.70
8724.00,-251.95
8727.00,-64.33
8729.00,76.66
8730.00,93.83
8731.00,125.62
8733.00,-5.73
8734.00,60.12
8736.00,-110.75
8737.00,-77.29
8739.00,-128.86
8740.00,-24.84
8742.00,60.68
8743.00,-60.05
8744.00,-110.78
8745.00,77.75
8746.00,236.66
8747.00,-178.05
8748.00,-112.55
8750.00,-25.71
8752.00,101.31
8753.00,-21.33
8754.00,-2.37
8755.00,-99.44
8758.00,8.62
8759.00,-89.81
8761.00,1.38
8762.00,30.14
8763.00,3.67
8765.00,-25.62
8765.00,-37.95
8767.00,39.56
8768.00,61.24
8769.00,62.69
8770.00,46.76
8771.00,136.36
8772.00,-1.57
8773.00,11.09
8774.00,20.25
8775.00,-122.16
8776.00,-42.25
8777.00,-9.66
8778.00,-25.39
8779.00,-33.44
8780.00,-22.66
8782.00,-8.98
8784.00,-71.09
8787.00,-54.35
8788.00,-87.10
8789.00,-34.20
8790.00,-23.84
8791.00,-39.18
8793.00,-58.05
8794.00,26.25
8795.00,-102.26
8796.00,-60.97
8797.00,-75.70
8798.00,-99.15
8799.00,-47.48
8800.00,-50.61
8801.00,-115.27
8802.00,-98.54
8804.00,342.35
8805.00,31.90
8806.00,43.30
8807.00,-133.07
8808.00,-60.15
8809.00,-10.97
8810.00,95.68
8811.00,8.87
8813.00,-39.35
8814.00,-127.74
8815.00,-20.00
8816.00,-44.49
8817.00,-8.62
8820.00,-126.21
8821.00,65.30
8822.00,-39.83
8823.00,-104.44
8824.00,-91.95
8825.00,-35.40
8826.00,2.20
8827.00,19.19
8828.00,58.19
8839.00,-51.25
8840.00,-22.48
8841.00,-67.38
8842.00,-29.66
8844.00,-30.50
8845.00,-25.71
8864.00,-4.89
8867.00,30.70
8868.00,-54.73
8869.00,-21.26
8870.00,78.61
8871.00,-20.00
8872.00,-37.97
8875.00,-11.96
8878.00,18.70
8879.00,113.95
8880.00,-80.06
8882.00,-1.59
8883.00,-22.90
8884.00,-33.84
8888.00,-89.82
8889.00,-19.64
8890.00,-3.46
8891.00,-20.00
8892.00,18.17
8893.00,126.68
8894.00,21.18
8897.00,-0.81
8898.00,-26.98
8899.00,48.31
8900.00,-25.71
8901.00,-20.00
8903.00,-43.12
8904.00,-136.92
8908.00,-29.32
8909.00,-99.58
8911.00,-121.98
8913.00,54.74
8914.00,-5.57
8915.00,-94.47
8916.00,-28.69
8917.00,-24.99
8918.00,-27.52
8919.00,-25.71
8922.00,89.85
8923.00,14.77
8924.00,70.62
8925.00,-4.12
8926.00,261.52
8927.00,59.96
8928.00,19.85
8931.00,-106.07
8933.00,-29.18
8934.00,-14.55
8935.00,-23.76
8936.00,15.09
8937.00,97.20
8938.00,38.63
8939.00,-25.71
8940.00,-25.71
8941.00,7.67
8942.00,58.35
8943.00,-122.67
8944.00,-35.48
8947.00,42.08
8948.00,6.32
8949.00,-23.52
8950.00,-29.57
8951.00,-25.71
8953.00,-61.32
8954.00,-14.49
8956.00,18.31
8957.00,-29.52
8960.00,141.53
8980.00,-153.91
9007.00,-95.25
9008.00,-20.00
9009.00,-20.00
9010.00,-25.71
9011.00,-25.71
9012.00,-20.00
9030.00,-8.84
9087.00,-22.34
9088.00,207.62
9089.00,-104.72
9132.00,-6.27
9298.00,-80.93
9300.00,68.88
9301.00,-25.71
9302.00,-25.71
9303.00,-25.71
9319.00,-67.43
9320.00,-6.55
9321.00,-15.49
9322.00,-30.38
9323.00,-25.71
9324.00,-20.00
9325.00,-20.00
9326.00,-25.71
9331.00,-138.83
9332.00,10.36
9333.00,242.81
9334.00,6.77
9336.00,-20.00
9337.00,-20.00
9338.00,-20.00
9339.00,-25.71
9340.00,-11.40
9342.00,-29.87
9343.00,-25.71
9489.00,5.16
9505.00,-36.85
9507.00,-6.98
9537.00,14.14
9538.00,28.59
9560.00,29.10
9605.00,101.41
9609.00,-36.65
9610.00,65.03
9611.00,-25.71
9612.00,-50.09
9614.00,-58.75
9617.00,2.25
9618.00,-30.11
9619.00,64.17
9620.00,-255.72
9621.00,-25.71
9622.00,-25.71
9629.00,92.88
9630.00,198.60
9631.00,94.43
9636.00,-100.68
9637.00,-35.53
9641.00,-83.84
9642.00,34.79
9643.00,-35.56
9646.00,71.92
9648.00,26.60
9649.00,37.47
9652.00,-1.70
9653.00,84.00
9654.00,38.35
9655.00,5.11
9656.00,-92.65
9657.00,-25.71
9658.00,-20.00
9659.00,24.41
9660.00,195.87
9661.00,68.47
9662.00,-24.09
9665.00,152.89
9666.00,-20.45
9667.00,-16.90
9669.00,-25.71
9670.00,-20.00
9671.00,113.96
9672.00,-20.12
9674.00,162.97
9676.00,-2.57
9679.00,-55.29
9680.00,-115.88
9681.00,-22.43
9682.00,-1.05
9683.00,68.22
9684.00,-25.71
9685.00,61.56
9686.00,179.91
9688.00,-18.51
9690.00,80.96
9691.00,68.08
9693.00,-99.37
9694.00,-20.00
9696.00,-25.71
9788.00,-21.47
9790.00,-81.86
9791.00,-93.22
9792.00,-179.63
9793.00,-136.07
9794.00,-211.04
9795.00,-280.17
9796.00,-97.97
9797.00,-110.56
9798.00,-93.83
9799.00,-50.62
9800.00,-67.82
9839.00,-12.67
9845.00,-46.52
9847.00,-29.28
9849.00,-96.85
9850.00,86.37
9851.00,124.39
9852.00,96.98
9854.00,-30.15
9859.00,-166.18
9860.00,98.07
9861.00,-64.71
9862.00,-25.71
9863.00,-25.71
9867.00,234.80
9868.00,42.62
9870.00,-16.13
9871.00,-69.60
9873.00,52.99
9874.00,99.48
10036.00,137.34
10050.00,-42.99
10051.00,-46.85
10052.00,-100.21
10053.00,-65.95
10054.00,-190.93
10055.00,-51.44
10056.00,-4.57
10057.00,134.40
10058.00,-78.83
10059.00,-58.96
10060.00,-18.85
10061.00,-30.17
10062.00,-25.92
10064.00,-50.26
10065.00,167.81
10066.00,-20.74
10067.00,-40.94
10068.00,-101.43
10069.00,13.27
10070.00,-110.19
10073.00,-25.71
10074.00,-63.54
10075.00,-25.71
10077.00,-124.93
10078.00,-25.62
10079.00,15.77
10080.00,21.57
10081.00,21.19
10083.00,63.70
10084.00,149.64
10085.00,6.32
10086.00,-5.83
10087.00,64.92
10088.00,10.12
10089.00,22.33
10090.00,3.91
10091.00,16.79
10092.00,11.98
10094.00,-27.21
10095.00,-98.32
10096.00,-37.88
10097.00,-102.92
10098.00,57.16
10099.00,-39.25
10100.00,-110.13
10102.00,-281.07
10103.00,59.43
10104.00,-25.71
10105.00,63.10
10106.00,2.65
10109.00,33.96
10110.00,-103.99
10111.00,3.07
10112.00,-118.57
10113.00,-112.15
10114.00,-19.15
10115.00,-94.18
10117.00,-136.14
10119.00,-78.30
10120.00,-102.25
10121.00,-14.84
10122.00,-10.28
10123.00,6.91
10124.00,55.42
10126.00,32.88
10128.00,-95.22
10131.00,40.98
10133.00,-85.19
10134.00,-145.75
10135.00,-203.77
10136.00,-27.52
10137.00,114.80
10138.00,82.26
10142.00,-128.17
10143.00,47.77
10145.00,-8.27
10146.00,-14.86
10147.00,182.31
10149.00,116.17
10150.00,29.09
10152.00,-54.65
10153.00,-71.75
10155.00,-27.83
10156.00,-20.40
10157.00,24.73
10158.00,25.25
10159.00,45.69
10160.00,-20.00
10161.00,-13.32
10162.00,-95.07
10163.00,-84.03
10165.00,61.61
10167.00,-25.25
10169.00,248.78
10170.00,161.22
10171.00,99.15
10172.00,-68.22
10173.00,-24.24
10175.00,112.98
10176.00,16.54
10177.00,85.54
10178.00,148.69
10182.00,-35.74
10183.00,5.22
10184.00,206.12
10185.00,-117.59
10186.00,-11.18
10187.00,124.45
10188.00,116.35
10189.00,-24.58
10191.00,-16.52
10192.00,195.04
10195.00,-101.14
10196.00,-57.42
10197.00,-23.55
10198.00,-50.76
10199.00,129.40
10200.00,43.79
10201.00,-52.07
10202.00,-109.74
10203.00,-248.95
10204.00,-156.83
10205.00,77.62
10206.00,64.94
10207.00,6.08
10208.00,-36.80
10209.00,163.20
10210.00,-36.50
10211.00,-46.49
10212.00,191.24
10213.00,-25.42
10215.00,10.27
10216.00,-55.88
10217.00,175.82
10218.00,29.15
10219.00,67.26
10222.00,73.45
10224.00,200.11
10225.00,-93.96
10226.00,426.90
10227.00,197.36
10228.00,171.16
10229.00,-11.89
10230.00,254.84
10232.00,168.32
10233.00,580.85
10234.00,-133.88
10235.00,26.07
10236.00,330.83
10237.00,93.18
10240.00,66.53
10241.00,229.05
10243.00,185.84
10246.00,55.17
10248.00,313.73
10249.00,-42.55
10293.00,56.50
10295.00,154.15
10296.00,-187.51
10297.00,62.85
10298.00,-28.10
10299.00,70.54
10300.00,77.04
10301.00,55.24
10302.00,-111.17
10303.00,36.95
10304.00,-105.98
10305.00,-23.11
10306.00,-120.17
10311.00,-109.75
10313.00,-48.51
10314.00,-149.24
10315.00,-166.00
10319.00,54.54
10320.00,125.76
10321.00,90.05
10323.00,-23.26
10324.00,-9.88
10326.00,-101.08
10328.00,95.14
10329.00,-17.05
10331.00,-78.26
10332.00,38.11
10333.00,54.34
10336.00,-75.31
10338.00,-30.14
10339.00,-124.21
10340.00,370.61
10341.00,19.21
10344.00,91.23
10345.00,38.61
10346.00,57.00
10348.00,53.33
10349.00,130.88
10351.00,-26.76
10355.00,-47.45
10356.00,23.14
10357.00,-60.28
10358.00,43.26
10361.00,35.26
10363.00,40.39
10364.00,170.78
10366.00,186.42
10367.00,249.92
10368.00,178.78
10369.00,166.33
10370.00,280.20
10371.00,40.52
10375.00,63.97
10377.00,3.63
10378.00,-74.27
10379.00,0.19
10380.00,63.90
10381.00,177.56
10382.00,163.91
10383.00,-34.65
10386.00,29.30
10387.00,-172.78
10388.00,-0.47
10390.00,8.73
10394.00,-45.05
10397.00,-75.36
10398.00,-23.85
10402.00,89.69
10404.00,79.29
10407.00,74.30
10409.00,-113.75
10410.00,9.70
10411.00,-128.31
10412.00,-33.65
10420.00,-8.00
10428.00,140.47
10430.00,-7.02
10432.00,70.30
10433.00,-14.92
10438.00,-69.66
10440.00,19.24
10441.00,12.23
10442.00,-74.23
10443.00,-27.11
10444.00,-75.02
10445.00,-89.60
10447.00,231.65
10448.00,-74.73
10450.00,-65.55
10451.00,12.99
10453.00,99.90
10455.00,38.77
10456.00,119.91
10458.00,63.99
10461.00,68.73
10462.00,-30.03
10463.00,-9.03
10465.00,-66.18
10466.00,90.48
10468.00,42.21
10469.00,29.11
10470.00,72.85
10473.00,64.93
10475.00,109.03
10476.00,-43.53
10478.00,83.09
10480.00,31.32
10481.00,66.89
10483.00,7.43
10484.00,49.60
10485.00,44.93
10490.00,-66.56
10491.00,47.41
10493.00,87.59
10494.00,58.45
10495.00,-26.92
10496.00,192.02
10497.00,299.48
10499.00,30.68
10500.00,-97.47
10501.00,-20.00
10503.00,-18.39
10504.00,-64.87
10505.00,-60.86
10507.00,-31.68
10508.00,-56.52
10510.00,-34.54
10511.00,-24.57
10512.00,-22.34
10513.00,-27.19
10514.00,-25.71
10515.00,-155.68
10516.00,-22.17
10521.00,-114.72
10522.00,-25.47
10524.00,-64.15
10525.00,2.51
10526.00,-20.00
10527.00,-72.37
10528.00,-175.06
10530.00,-28.74
10533.00,101.41
10534.00,68.56
10536.00,134.98
10537.00,-102.15
10538.00,29.91
10539.00,182.91
10540.00,-29.90
10541.00,-78.68
10542.00,-12.62
10543.00,52.94
10558.00,85.32
10708.00,123.91
